date_run,window,period_start,period_end,commit,branch,environment,sharpe,net_profit_pct,net_profit_usd,total_orders,win_rate_pct,max_drawdown_pct,total_fees_usd,notes
2026-05-27,FY2025,2025-01-01,2025-12-31,7f2f9c2,main,cloud,-0.001,6.74,6740,318,39,13.5,,G3 CLOUD v9: S&P500 ETF universe. Universe too large (318 trades vs 232 local). BT 7bc659b6
2026-05-27,FY2025,2025-01-01,2025-12-31,d81d93b,main,cloud,0.303,13.256,13256,38,50,24.9,,G3 CLOUD v10: DV-200 coarse filter with has_fundamental_data. Only 38 trades — filter too aggressive. BT 40fc0e7c
2026-05-27,FY2025,2025-01-01,2025-12-31,8a88ec1,main,cloud,0.52,22.161,22161,34,33,31.7,35.46,G3 CLOUD v11: DV>$1M no has_fundamental. 34 trades vs 232 local — universe still diverging. Sharpe 0.52 vs local 1.079. BT bd7c8c2e
2026-05-27,FY2025,2025-01-01,2025-12-31,c1a01d8,main,cloud,0.766,21.167,21167,34,33,31.7,35.46,G3 CLOUD v12: no filters sort DV only. Same 34 orders as v11 — confirms filter wasn't root cause, issue is coarse dynamic universe history. Sharpe 0.766. BT 8ac90d17
2026-05-27,Q2-2025,2025-04-01,2025-06-30,feat/e32-dd-circuit-breaker,feat/e32-dd-circuit-breaker,local,-0.608,-1.73,-1730,0,0,0,98.40,E32 DD circuit breaker Q2-2025 — REJECTED (0 trips, circuit never fires). Individual Kijun stops exit positions within 1-5d before portfolio DD accumulates
2026-05-27,Q2-2025,2025-04-01,2025-06-30,c077e95,feat/e32-dd-circuit-breaker,local,-0.608,-1.73,-1730,,,,98.40,E32 Q2 4% DD circuit breaker — REJECTED (0 circuit trips; BCT Kijun stops exit before portfolio DD reaches 4%)
2026-05-27,FY2025,2025-01-01,2025-12-31,feat/e82-three-phase-stop,feat/e82-three-phase-stop,local,0.562,19.22,19220,202,0,0,0,E82 three-phase stop progression — UNVERIFIED (result source unknown/contradictory, NEEDS BT-capable worker verification. If valid: -0.474 Sharpe vs 1.036)
2026-05-27,FY2025,2025-01-01,2025-12-31,feat/e78-active-return-gate,feat/e78-active-return-gate,local,1.036,30.08,30080,238,40,11.6,0,E22 active return gate (10d vs SPY > 0) — NEUTRAL (0 delta vs 1.036, no value-add beyond BCT checklist)
2026-05-27,FY2025,2025-01-01,2025-12-31,feat/e18-time-based-exit,feat/e18-time-based-exit,local,1.079,33.33,33330,232,0,0,0,E18 time-based exit (90d + close < Tenkan) — NEUTRAL (+0.043 vs 1.036 baseline, time exit never fired or didn't help)
2026-05-27,FY2025,2025-01-01,2025-12-31,feat/e32-three-phase-stop,feat/e32-three-phase-stop,local,-0.021,5.6,5600,578,0,15.7,0,E32 three-phase stop — CATASTROPHICALLY REJECTED (-1.057 Sharpe delta vs 1.036). Phase 1 Tenkan stop fires at days 1-3, same failure mode as E54
2026-05-27,FY2025,2025-01-01,2025-12-31,feat/e32-dd-circuit-breaker,feat/e32-dd-circuit-breaker,local,1.079,33.33,33330,232,0,0,236.91,E32 4% trailing DD circuit breaker — NEUTRAL (0 delta vs 1.036, circuit never fired in FY2025)
2026-05-27,FY2025,2025-01-01,2025-12-31,feat/e76-risk-sizing,feat/e76-risk-sizing,local,-0.361,-8.32,-8320,483,24,32.7,0,E76 combo 3: heat=6% risk=1.5% — CATASTROPHICALLY REJECTED (-1.397 Sharpe delta vs 1.036). SWEEP HALTED.
2026-05-27,FY2025,2025-01-01,2025-12-31,feat/e76-risk-sizing,feat/e76-risk-sizing,local,-0.327,-6.69,-6690,538,30,30.7,0,E76 combo 2: heat=6% risk=1.0% — CATASTROPHICALLY REJECTED (-1.363 Sharpe delta vs 1.036)
2026-05-27,FY2025,2025-01-01,2025-12-31,feat/e76-risk-sizing,feat/e76-risk-sizing,local,-0.291,-3.23,-3230,748,28,24.8,0,E76 combo 1: heat=6% risk=0.5% — CATASTROPHICALLY REJECTED (-1.327 Sharpe delta vs 1.036)
2026-05-27,FY2025,2025-01-01,2025-12-31,feat/e49-iwm-breadth-canary,feat/e49-iwm-breadth-canary,local,0.933,22.42,22420,144,39,7.1,0,E49 IWM breadth canary (IWM < 50D SMA blocks entries) — REJECTED (-0.103 Sharpe vs 1.036)
2026-05-27,FY2025,2025-01-01,2025-12-31,feat/e58-cloud-thickness-sizing,feat/e58-cloud-thickness-sizing,local,1.036,30.08,30080,238,40,11.6,0,E58 cloud thickness sizing — NEUTRAL (0 delta vs 1.036 baseline, initial 2.497 report was incorrect window)
2026-05-27,FY2025,2025-01-01,2025-12-31,feat/e55-weekly-kijun-exit,feat/e55-weekly-kijun-exit,local,-0.289,-0.67,-670,70,20,26.6,0,E55 weekly kijun exit (26-week as stop) — CATASTROPHICALLY REJECTED (-1.325 Sharpe delta vs 1.036)
2026-05-27,FY2025,2025-01-01,2025-12-31,feat/e54-tenkan-exit,feat/e54-tenkan-exit,local,0.0,-5.86,-5860,100,0,0,0,E54 tenkan-exit (first 28d) — CATASTROPHICALLY REJECTED (-1.0 Sharpe delta vs 1.036)
2026-05-27,FY2025,2025-01-01,2025-12-31,feat/c2-resistance-proximity,feat/c2-resistance-proximity,local,1.036,30.08,30049,238,40,11.6,,C2 resistance proximity gate (2% of 52w high) — NEUTRAL (0 delta vs 1.036)
2026-05-27,FY2025,2025-01-01,2025-12-31,feat/earnings-avoidance,feat/earnings-avoidance,local,0.908,26.67,26667,246,38,11.9,250,E53 earnings avoidance gate (5d) — REJECTED (-0.128 Sharpe vs 1.036)
2026-05-27,Q1-2025,2025-01-01,2025-03-31,feat/earnings-avoidance,feat/earnings-avoidance,local,1.196,8.08,8075,78,41,6.7,81,E53 Q1
2026-05-27,Q2-2025,2025-04-01,2025-06-30,feat/earnings-avoidance,feat/earnings-avoidance,local,-0.752,-2.49,-2490,104,30,9.0,104,E53 Q2
2026-05-27,Q3-2025,2025-07-01,2025-09-30,feat/earnings-avoidance,feat/earnings-avoidance,local,3.832,15.80,15803,46,33,3.3,46,E53 Q3
2026-05-27,Q4-2025,2025-10-01,2025-12-31,feat/earnings-avoidance,feat/earnings-avoidance,local,-2.211,-7.67,-7670,78,21,9.1,78,E53 Q4
2026-05-27,FY2025,2025-01-01,2025-12-31,1c1d81a,feat/e49-chikou-span-gate,local,0.977,28.8,28800,224,42,11.9,,C3 chikou span gate ENABLED — REJECTED (-0.102 Sharpe vs 1.036 baseline)
2026-05-27,FY2025,2025-01-01,2025-12-31,8048c29,main,local,1.036,30.05,30050,240,40,11,,P0 fix verified — new local baseline (post-#81 manual weekly aggregation)
2026-05-14,FY2025,2025-01-01,2025-12-31,pre-gates,main,cloud,0.461,,,,,,gates-OFF baseline (cloud)
2026-05-14,FY2025,2025-01-01,2025-12-31,56c3b07,main,cloud,0.733,,,,48,,gates-ON cloud baseline
2026-05-24,W4,2026-04-28,2026-05-02,,main,local,16.118,,,,,,,exits-ON validation — W4
2026-05-24,W5,2026-05-05,2026-05-09,,main,local,-2.922,,,,,,,exits-ON validation — W5
2026-05-25,FY2025,2025-01-01,2025-12-31,44bebea,main,local,-0.852,+2.58%,,270,44,,,HEAD baseline — ATR fix + warmup + earnings + 607-ticker universe
2026-05-25,FY2025,2025-01-01,2025-12-31,26de323,main,local,-0.855,,,,41,,,2gcusmho validation run — confirms baseline
2026-05-26,FY2025,2025-01-01,2025-12-31,e4df2ee,feat/score-threshold-34,local,-0.800,+0.899%,,566,41,5.8,862.66,#34 — MIN_SCORE 7 + removed RESISTANCE_PROXIMITY/CHIKOU_WEEKLY/ADX_TOO_LOW/DI_NOT_POSITIVE
2026-05-25,FY2025,2025-01-01,2025-12-31,,main,nautilus,0.555,+26.9%,,3640,,,,[NAUTILUS] minimal gates only (kijun_ext + cloud_exit) — 50-ticker subset; framework=NautilusTrader 1.227.0
2026-05-25,FY2025,2025-01-01,2025-12-31,,main,nautilus,-1.213,-2.4%,,43,,,,,[NAUTILUS] full 8-gate stack — 50-ticker subset; weekly bar proxy + ADX approximation issues
2026-05-26,FY2025,2025-01-01,2025-12-31,44bebea,main,cloud,,,,,,,,[CLOUD FAIL] node fbc72276 — Initialize() timeout 3/3. Node dead. QC support ticket required.
2026-05-26,W1,2026-04-07,2026-04-11,44bebea,main,local,0,0,,0,0,0,0,exits-ON (cloud+weekly_kijun) — W1 no trades (SPY gate closed)
2026-05-26,W2,2026-04-14,2026-04-18,44bebea,main,local,0,0,,0,0,0,0,exits-ON (cloud+weekly_kijun) — W2 no trades (SPY gate closed)
2026-05-26,W3,2026-04-22,2026-04-25,44bebea,main,local,0,0,,0,0,0,0,exits-ON (cloud+weekly_kijun) — W3 no trades (SPY gate closed)
2026-05-26,W6,2026-05-12,2026-05-16,44bebea,main,local,0,0,,0,0,0,0,exits-ON (cloud+weekly_kijun) — W6 no trades (SPY gate closed; score=8 signals blocked)
2026-05-26,FY2025,2025-01-01,2025-12-31,a66fcb7,main,nautilus,-1.06,-2.29%,,39,20.5%,,,[NAUTILUS] #30 parity — weekly bars + Wilder ADX + rotation; 7x trade gap vs QC local (Yahoo Finance data calibration issue)
2026-05-26,FY2025,2025-01-01,2025-12-31,d10dbd4,feat/g3-phase3-cloud-stop,local,1.079,+33.3%,25888.66,232,41,11,,Phase 3 cloud-bottom stop — FIRST POSITIVE EXPERIMENT (+0.261 Sharpe delta)
2026-05-26,FY2025,2025-01-01,2025-12-31,1206139251,feat/qc2-hy-credit-overlay,local,0.763,+21.8%,21842,268,38,9.4,,QC-2 HY credit overlay — REJECTED (vs 1.079 baseline)
2026-05-26,FY2025,2025-01-01,2025-12-31,feat/qc1-inverse-vol-sizing,local,0.708,+21.06%,21060,264,39,,,QC-1 inverse vol sizing — REJECTED (vs 1.079 baseline)
2026-05-26,FY2025,2025-01-01,2025-12-31,feat/h7-kijun-priority,local,-0.336,-0.536%,-536,378,28,15.9,,H7 Kijun priority — CATASTROPHICALLY REJECTED (vs 1.079 baseline)
2026-05-26,FY2025,2025-01-01,2025-12-31,feat/c1-doji-timing,local,0.751,+22.8%,22800,266,39,10.8,,C1 doji pullback timing — REJECTED (vs 1.079 baseline)
2026-05-26,FY2025,2025-01-01,2025-12-31,feat/g3-v2-lower-threshold,local,0.738,+24.5%,24500,206,40,17.2,,G3-v2 lower threshold — REJECTED (vs 1.079 baseline)
2026-05-26,FY2025,2025-01-01,2025-12-31,feat/h5-relative-strength,local,0.682,+19.35%,19350,376,39,23.0,,H5 relative strength ranking — CATASTROPHICALLY REJECTED (vs 1.079 baseline)
2026-05-26,FY2025,2025-01-01,2025-12-31,feat/g3-v3-phase2-extension,local,0.516,+18.1%,18100,188,37,16.9,,G3-v3 Phase 2 extension — REJECTED (vs 1.079 baseline)
2026-05-26,FY2025,2025-01-01,2025-12-31,feat/e8-adx-hard-gate,local,1.026,+23.7%,23700,202,40,14.1,,E8 ADX hard gate — results vs 1.079 baseline
2026-05-26,FY2025,2025-01-01,2025-12-31,2b5b4ef,main,local,1.079,+33.3%,,232,41,11,,G3 restored + packaging fix confirmed (HEAD after revert)
2026-05-26,FY2026YTD,2026-01-01,2026-04-30,2b5b4ef,main,local,1.536,+17.0%,,108,33,,,FY2026 YTD — higher Sharpe than FY2025
2026-05-26,W1,2026-04-07,2026-04-11,2b5b4ef,main,local,0,+2.9%,,12,0,,,Weekly window — trades still open at close
2026-05-26,W2,2026-04-14,2026-04-18,2b5b4ef,main,local,0,+4.0%,,10,0,,,Weekly window — trades still open at close
2026-05-26,W3,2026-04-22,2026-04-25,2b5b4ef,main,local,0,+0.8%,,10,0,,,Weekly window — trades still open at close
2026-05-26,W4,2026-04-28,2026-05-02,2b5b4ef,main,local,0,+5.5%,,10,0,,,Weekly window — trades still open at close
2026-05-26,W5,2026-05-05,2026-05-09,2b5b4ef,main,local,0,+1.0%,,10,0,,,Weekly window — trades still open at close
2026-05-26,W6,2026-05-12,2026-05-16,2b5b4ef,main,local,0,+1.5%,,10,0,,,Weekly window — trades still open at close
2026-05-26,Q3-2025,2025-07-01,2025-09-30,2b5b4ef,main,local,4.427,+18.48%,,42,44,3.2,,Q3-2025 quarterly window — high Sharpe, low DD, quiet entry period
2026-05-26,Q1-2025,2025-01-01,2025-03-31,2b5b4ef,main,local,1.494,+11.3%,,74,50,8.5,,Q1-2025 quarterly window — strong trending market
2026-05-26,Q2-2025,2025-04-01,2025-06-30,2b5b4ef,main,local,-0.608,-1.7%,,98,25,8.3,,Q2-2025 quarterly window — choppy/bear tape
2026-05-26,Q4-2025,2025-10-01,2025-12-31,2b5b4ef,main,local,-1.765,-6.2%,,74,22,7.8,,Q4-2025 quarterly window — bear tape
2026-05-26,Cross-H2H1,2025-10-01,2026-03-31,2b5b4ef,main,local,-0.389,-1.9%,,136,32,11.6,,Cross window H2-25/H1-26 — weak transition period
2026-05-26,Q2-2025,2025-04-01,2025-06-30,2b5b4ef,main,local,-0.75,-2.5%,,102,33,9.0,,Q2-2025 quarterly window — April tariff crash caused heavy stop-outs
2026-05-26,FY2026-YTD,2026-01-01,2026-04-30,2b5b4ef,main,local,1.559,+17.27%,,110,32,12.0,,FY2026 YTD — strong performance, consistent with c1wkel9n 1.536 result
2026-05-26,Cross-H2H1-rkt7stqk,2025-10-01,2026-03-31,2b5b4ef,main,local,-0.845,-7.04%,,152,27,10.5,,Cross window H2-25/H1-26 — rkt7stqk run (different from c1wkel9n -0.389, possible config diff)
2026-05-26,FY2025-E16,2025-01-01,2025-12-31,feat/e16-kijun-atr-trail,local,0.633,+20.33%,,264,37,11.6,,E16 Kijun-1ATR Phase 3 stop — REJECTED (-0.446 Sharpe delta vs G3). Kijun-ATR always tighter than cloud_bottom, over-tightens winners
2026-05-26,FY2025-E17,2025-01-01,2025-12-31,feat/e17-vol-adjusted-cloud,local,1.031,+29.93%,,236,,11.6,,E17 vol-adjusted cloud bottom Phase 3 stop — REJECTED (-0.048 Sharpe delta vs G3). Widening stop below cloud_bottom = net negative
2026-05-26,ETF-FY2025,2025-01-01,2025-12-31,etf_bct,main,local,0.448,+14.6%,,228,45,9.8,,ETF-only BCT backtest — BCT works better on individual equities than ETFs
2026-05-26,ETF-FY2026YTD,2026-01-01,2026-04-30,etf_bct,main,local,0.148,+2.98%,,70,13,9.1,,ETF-only BCT — very weak in tariff shock period (13% WR)
2026-05-26,ETF-Q1,2025-01-01,2025-03-31,etf_bct,main,local,-1.331,-2.3%,,82,36,6.5,,ETF-only Q1-2025 — negative quarter
2026-05-26,ETF-Q2,2025-04-01,2025-06-30,etf_bct,main,local,0.434,+3.1%,,38,29,4.5,,ETF-only Q2-2025 — weak positive
2026-05-26,ETF-Q3,2025-07-01,2025-09-30,etf_bct,main,local,2.591,+8.4%,,56,30,2.9,,ETF-only Q3-2025 — best ETF quarter
2026-05-26,ETF-Q4,2025-10-01,2025-12-31,etf_bct,main,local,0.047,+1.8%,,96,30,7.4,,ETF-only Q4-2025 — near flat
2026-05-26,ETF-Cross,2025-10-01,2026-03-31,etf_bct,main,local,-0.098,+2.1%,,151,35,10.7,,ETF-only Cross H2-25/H1-26 — slightly negative
2026-05-26,Mixed-FY2025,2025-01-01,2025-12-31,feat/mixed-universe,local,0.694,+22.55%,,234,38,12.5,,Mixed universe equity-200+ETFs — REJECTED vs G3 (-0.385 Sharpe). ETFs only 7% of entries but add drag
2026-05-26,Mixed-Q1,2025-01-01,2025-03-31,feat/mixed-universe,local,1.232,+8.25%,,76,39,6.8,,Mixed universe Q1
2026-05-26,Mixed-Q2,2025-04-01,2025-06-30,feat/mixed-universe,local,-0.892,-3.58%,,100,29,9.2,,Mixed universe Q2
2026-05-26,Mixed-Q3,2025-07-01,2025-09-30,feat/mixed-universe,local,3.673,+16.53%,,50,35,3.9,,Mixed universe Q3
2026-05-26,Mixed-Q4,2025-10-01,2025-12-31,feat/mixed-universe,local,-1.613,-6.10%,,76,18,7.3,,Mixed universe Q4
2026-05-26,Mixed-Cross,2025-10-01,2026-03-31,feat/mixed-universe,local,-1.924,-12.06%,,139,21,12.7,,Mixed universe Cross
2026-05-26,Mixed-FY2026YTD,2026-01-01,2026-04-30,feat/mixed-universe,local,-0.275,+1.23%,,84,19,9.0,,Mixed universe FY2026YTD — pure ETF window (no equity data)
2026-05-26,LevETF-FY2025,2025-01-01,2025-12-31,lev_etf_bct,local,-0.857,-4.98%,,75,28,7.3,,Leveraged ETF universe FY2025 — REJECTED decisively
2026-05-26,LevETF-Q1,2025-01-01,2025-03-31,lev_etf_bct,local,-2.312,-5.13%,,30,13,5.5,,Leveraged ETF Q1
2026-05-26,LevETF-Q2,2025-04-01,2025-06-30,lev_etf_bct,local,-4.229,+0.59%,,4,0,0.0,,Leveraged ETF Q2 — only 4 trades
2026-05-26,LevETF-Q3,2025-07-01,2025-09-30,lev_etf_bct,local,1.027,+5.04%,,26,36,4.5,,Leveraged ETF Q3 — only positive window
2026-05-26,LevETF-Q4,2025-10-01,2025-12-31,lev_etf_bct,local,-1.313,-5.53%,,23,0,7.1,,Leveraged ETF Q4 — 0% WR
2026-05-26,LevETF-Cross,2025-10-01,2026-03-31,lev_etf_bct,local,-1.269,-6.17%,,28,0,8.1,,Leveraged ETF Cross — 0% WR
2026-05-26,LevETF-FY2026YTD,2026-01-01,2026-04-30,lev_etf_bct,local,2.098,+10.72%,,5,0,3.3,,Leveraged ETF FY2026YTD — all 5 positions open
2026-05-26,TheOmniscient-FY2022,2022-01-01,2022-12-31,the_omniscient_paradox,local,-0.829,-7.271%,,19,56,14.3,,TheOmniscientParadox OOS — caught in SOXL Q1 2022 crash, negative OOS
2026-05-26,TheOmniscient-FY2025,2025-01-01,2025-12-31,the_omniscient_paradox,local,0.033,-3.941%,,96,65,51.5,,TheOmniscientParadox OOS — 51.5% DD despite 65% WR, REJECTED
2026-05-27,FY2025,2025-01-01,2025-12-31,2b5b4ef,feat/sp500-universe,local,0.652,19.677%,19677.0,260,40%,8.8%,265.56,S&P500-universe (500 tickers) G3-code BCT
2026-05-27,Q1-2025,2025-01-01,2025-03-31,2b5b4ef,feat/sp500-universe,local,1.213,7.575%,7575.0,78,41%,6.0%,80.69,S&P500-universe (500 tickers) G3-code BCT
2026-05-27,Q2-2025,2025-04-01,2025-06-30,2b5b4ef,feat/sp500-universe,local,-0.489,-1.189%,-1189.0,106,33%,8.3%,106.21,S&P500-universe (500 tickers) G3-code BCT
2026-05-27,Q3-2025,2025-07-01,2025-09-30,2b5b4ef,feat/sp500-universe,local,3.426,15.297%,15297.0,50,30%,3.1%,50.2,S&P500-universe (500 tickers) G3-code BCT
2026-05-27,Q4-2025,2025-10-01,2025-12-31,2b5b4ef,feat/sp500-universe,local,-0.672,-0.515%,-515.0,68,28%,3.6%,68.49,S&P500-universe (500 tickers) G3-code BCT
2026-05-27,FY2026-YTD,2026-01-01,2026-04-30,2b5b4ef,feat/sp500-universe,local,-0.148,0.958%,958.0,64,19%,9.4%,68.89,S&P500-universe (500 tickers) G3-code BCT
2026-05-27,W1,2025-01-01,2025-06-30,aa29954,feat/e26-inverse-vol-sizing,local,-0.429,-6.812%,-6812.0,827,21%,26.8%,278.78,E26 inverse-vol+risk-sizing: 827 orders = extreme churn in volatile H1
2026-05-27,W2,2025-02-01,2025-07-31,aa29954,feat/e26-inverse-vol-sizing,local,-1.067,-15.906%,-15906.0,714,24%,25.2%,265.88,E26 inverse-vol+risk-sizing: 714 orders churn
2026-05-27,W3,2025-03-01,2025-08-31,aa29954,feat/e26-inverse-vol-sizing,local,-0.670,-8.532%,-8532.0,939,21%,16.3%,254.14,E26 inverse-vol+risk-sizing: 939 orders — worst churn window
2026-05-27,W4,2025-04-01,2025-09-30,aa29954,feat/e26-inverse-vol-sizing,local,,,,,,,,,E26 CRASH — no STATISTICS output (LEAN error during Apr crash period)
2026-05-27,W5,2025-05-01,2025-10-31,aa29954,feat/e26-inverse-vol-sizing,local,2.612,27.302%,27302.0,90,38%,6.1%,90.70,E26 inverse-vol+risk-sizing: excellent in recovery period
2026-05-27,W6,2025-06-01,2025-11-30,aa29954,feat/e26-inverse-vol-sizing,local,2.497,25.213%,25213.0,86,32%,6.3%,86.58,E26 inverse-vol+risk-sizing: excellent in recovery period
2026-05-27,FY2025,2025-01-01,2025-12-31,aa29954,feat/e26-inverse-vol-sizing,local,1.036,30.049%,30049.0,238,40%,11.6%,242.47,E26 REJECTED: 1.036 < champion 1.079; bimodal H1 churn kills H1 windows
2026-05-27,FY2025,2025-01-01,2025-12-31,8048c29,feat/earnings-avoidance,local,0.908,26.667%,26667.0,246,38%,11.9%,250.24,"#53 earnings-avoidance 5d gate, G3 code. vs 8048c29 baseline 1.036 Sharpe / +30.05%"
2026-05-27,Q1-2025,2025-01-01,2025-03-31,8048c29,feat/earnings-avoidance,local,1.196,8.075%,8075.0,78,41%,6.7%,80.73,"#53 earnings-avoidance 5d gate, G3 code. vs 8048c29 baseline 1.036 Sharpe / +30.05%"
2026-05-27,Q2-2025,2025-04-01,2025-06-30,8048c29,feat/earnings-avoidance,local,-0.752,-2.490%,-2490.0,104,30%,9.0%,104.42,"#53 earnings-avoidance 5d gate, G3 code. vs 8048c29 baseline 1.036 Sharpe / +30.05%"
2026-05-27,Q3-2025,2025-07-01,2025-09-30,8048c29,feat/earnings-avoidance,local,3.832,15.803%,15803.0,46,33%,3.3%,46.22,"#53 earnings-avoidance 5d gate, G3 code. vs 8048c29 baseline 1.036 Sharpe / +30.05%"
2026-05-27,Q4-2025,2025-10-01,2025-12-31,8048c29,feat/earnings-avoidance,local,-2.211,-7.670%,-7670.0,78,21%,9.1%,78.0,"#53 earnings-avoidance 5d gate, G3 code. vs 8048c29 baseline 1.036 Sharpe / +30.05%"
2026-05-27,FY2026-YTD,2026-01-01,2026-04-30,8048c29,feat/earnings-avoidance,local,0.0,0.000%,0.0,0,0%,0.0%,0.0,"#53 earnings-avoidance 5d gate, G3 code. vs 8048c29 baseline 1.036 Sharpe / +30.05% [0 entries: polygon universe ends 2025-12-31]"
2026-05-27,feat/resistance-proximity,FY2025,1.036,30.08,238,40,11.6,30049,C2 - 2% resistance gate,NEUTRAL,1.036
2026-05-27,FY2025,2025-01-01,2025-12-31,970c626,feat/e32-three-phase-clean,local,-0.021,5.591%,5591.0,578,40%,15.7%,589.55,E32 three-phase stop (P1: Tenkan/cloud exit 0-28d; P2: Kijun 28-56d; P3: cloud_bottom 56d+15%) — CATASTROPHICALLY REJECTED (-1.057 Sharpe delta vs 1.036; 578 orders = 2.4x churn)
2026-05-27,FY2025,2025-01-01,2025-12-31,d0ddd38,feat/e55-weekly-kijun-exit-v2,local,-0.289,-0.670%,-670.0,70,20%,26.6%,0,"#55 REJECTED: weekly Kijun (26w) as primary stop — far too loose, positions bleed for months"
2026-05-27,FY2025,2025-01-01,2025-12-31,d0ddd38,feat/e49-iwm-breadth-canary,local,0.933,22.415%,22415.0,144,39%,7.1%,0,"#49 REJECTED: IWM < 50D SMA blocks entries during ~40% of days, blocks recovery-phase entries"
2026-05-27,FY2025,2025-01-01,2025-12-31,6dfcd5c,feat/e18-time-based-exit,local,1.079,33.330%,33330.0,232,41%,11.0%,0,"E18 NEUTRAL: time-based exit (90d+ profit, close < Tenkan) — never fired or no impact vs G3 baseline"
2026-05-27,FY2025,2025-01-01,2025-12-31,cb0c9aa,feat/e82-three-phase-stop,local,0.562,19.219%,19219.0,202,36%,15.1%,0,"#82 REJECTED: 3-phase graduated stop (P1 kijun, P2 cloud_top 28d, P3 cloud_bottom 56d) — Phase 2 prematurely exits winners"
2026-05-27,FY2025,2025-01-01,2025-12-31,5776bcc,feat/e33-sue-boost,local,1.079,33.326,33326,232,41,11.0,236.91,E33 SUE Boost — NEUTRAL (implementation correct, zero EPS data in local mode prevents SUE calculation)
2026-05-27,FY2025,2025-01-01,2025-12-31,8048c29,main,cloud,-0.771,0.459%,459.0,240,29%,6.9%,251.93,G3 CLOUD FIRST RUN: -0.771 Sharpe — universe mismatch (QC CoarseFundamental 9999 names vs Polygon equity-200 local). Cloud now unblocked. backtest_bct project 32033824. BT 70d0edb6
2026-05-27T07:40:23,E34,FY2025-baseline,1.079,33.326,33326,232,41,11.0,baseline no heat_per_slot (flat 10%)
2026-05-27T07:40:23,E34,FY2025-heat0.01,0.525,22.439,22439,388,32,30.3,heat_per_slot=0.01 MAX_POSITIONS=10 REJECTED
2026-05-27,FY2025,2025-01-01,2025-12-31,8048c29,main,cloud,-0.53,2.918%,2918.0,218,28%,,,G3 cloud raw+coarse_max=200: -0.53 Sharpe (vs -0.771 adjusted). Still far from local 1.079. Root cause: QC top-200 != Polygon equity-200 (S&P500 composition) + data provider diff
2026-05-27,FY2025,2025-01-01,2025-12-31,8048c29,main,cloud,-0.001,6.742%,6742.0,318,39%,,,G3 CLOUD FIXED: S&P500 ETF universe + polygon-gate fix. -0.001 Sharpe / +6.7% / 39% WR. Root cause was _find_local_data_dir() finding QC /Lean/Data/ and triggering ETF fallback. Fix: gate on polygon JSON existence. BT 2c183cb0
2026-05-27,FY2025,2025-01-01,2025-12-31,11b9eba,main,cloud,-0.307,-1.842,-1842,324,37,16.4,336.58,G3 CLOUD v13: ETF(SPY) universe + DV rebalance filter. Order count restored (324 vs 232 local) but Sharpe -0.307 — ETF universe signal quality poor vs Polygon equity-200. BT b532fa37
2026-05-27,FY2025,2025-01-01,2025-12-31,2ecb954,feat/cloud-static-universe,cloud,0.836,28.182,28182,326,41,15.8,344.28,G3 CLOUD v15-static: hardcoded 326-ticker polygon-200 list. Sharpe 0.836 vs local 1.079 — universe was primary divergence. 326 orders vs 232 local (remaining gap from adjusted prices). BT b9307a6d
2026-05-27,FY2025,2025-01-01,2025-12-31,7c0d70c,feat/cloud-universe-file,cloud,-0.14,2.66,2660,340,32,24.1,353.75,G3 CLOUD v16: core 164 tickers (intersection first+last date). Worse than v15 — removing rotators removed trending stocks. Core stable = choppy large-caps + false signals. BT 8fed3a6e
2026-05-27,FY2025,2025-01-01,2025-12-31,4ea7d36,main,cloud,0.276,13.171,13171,24,43,31.8,41.02,G3 CLOUD v14: coarse no-filter top-500 DV. 24 orders vs v12's 34 — more names → fewer BCT qualifying → lower quality. Sharpe 0.276 vs v12 0.766. BT f2ed8d8d
2026-05-27,FY2025,2025-01-01,2025-12-31,5482c55,feat/e35-earnings-avoidance,local,1.079,33.326,33326,232,41,11.0,236.91,E35 earnings avoidance 2d proximity — NEUTRAL locally (0 skips 0 exits). Local LEAN has no Morningstar data so filter is no-op. Needs cloud BT to test actual behavior.
2026-05-27,FY2025,2025-01-01,2025-12-31,b769725,feat/e35-earnings-avoidance,local,0.303,12.952,12952,336,45,15.6,342.75,REJECTED — E35 earnings avoidance 2d proximity. 243 entry skips + 54 forced exits. BCT momentum setups rely on post-earnings catalysts — avoidance kills the signal.
2026-05-27,FY2025,2025-01-01,2025-12-31,2b8512c,feat/e35-earnings-avoidance,local,0.336,13.700,13700,330,44,14.9,337.00,REJECTED — E35 earnings avoidance 3d proximity. -0.743 Sharpe delta vs 1.079 baseline. 2025 pattern: dip-then-momentum-resumes; Kijun already handles gap downs. Analysis: 30 baseline positions through earnings net positive (APP +42.2% HOOD +30.8% NFLX +22.9%).
2026-05-27,FY2025,2025-01-01,2025-12-31,f9df218,feat/inline-scanner-v19,local,0.560,21.208,21208,421,43,14.8,457.00,REJECTED — v19 inline warmup scanner (90d union pool daily re-score). -0.519 Sharpe delta vs 1.079 baseline. Daily pool bypasses polygon liquidity gate → 2x entries (421 vs 232) at lower quality. Pool union correct approach but today_poly filter was useful signal quality gate.
2026-05-27,Q1-2025,2025-01-01,2025-03-31,8048c29,main,local,1.237,8.290%,8290,78,41%,6.5%,80.73,G3 baseline W1 (Q1-2025). Strong trending tape.
2026-05-27,W5,2025-02-01,2025-05-31,8048c29,main,local,-1.166,-5.876%,-5876,118,28%,11.4%,118.35,G3 baseline W5 (Feb-May 2025). April tariff crash window.
2026-05-27,W6,2025-01-01,2025-06-30,8048c29,main,local,0.186,5.017%,5017,168,37%,11.6%,171.41,G3 baseline W6 (H1 Jan-Jun 2025).
2026-05-27,W5,2025-02-01,2025-05-31,c10a1a2,feat/e38-clean,local,-1.236,-5.731%,-5731,113,29%,12.7%,113.37,E38 resistance gate (3% below 52w high). Delta -0.070 vs baseline. Gate rarely fires on BCT-qualifying entries.
2026-05-27,W6,2025-01-01,2025-06-30,c10a1a2,feat/e38-clean,local,0.186,5.017%,5017,168,37%,11.6%,171.41,E38 resistance gate W6. Delta 0.000 — gate never fired in trending H1 tape. VERDICT: NEUTRAL/REJECT.
2026-05-27,FY2025,2025-01-01,2025-12-31,3140ae2,feat/e39-ladder-exits,local,0.470,16.125,16125,282,43,14.9,285.65,REJECTED — E39 ladder exits (50% trim at +20%/+40%). -0.566 Sharpe delta vs 1.036 G3 baseline. 20% trim cuts BCT momentum mid-run (stocks run 40-80%+ post-breakout). Kijun trail already handles let-winners-run; ladder fights it. Works in s232a only WITH ATR initial stop.
2026-05-27,FY2025,2025-01-01,2025-12-31,5ca2ed6,feat/inline-scanner-v20,local,1.071,38.276,38276,451,42,16.6,504.67,NEUTRAL — v20 inline scanner (top-200 DV filter + BCT ≥7). +0.035 Sharpe vs 1.036 G3. Higher return (+38.3% vs +30.1%) but 2x orders (451 vs 240) and worse DD (16.6% vs 11%). V20_DAILY_PAD fires frequently (pool<50 early year) — fallback padding inflates entries. DV filter inline replicates polygon quality but not polygon precision.
2026-05-27,FY2025,2025-01-01,2025-12-31,8048c29,G3-baseline-FY2025,local,1.079,33.326,33326,232,41,11.0,236.91,G3 Phase 3 cloud-bottom stop FY2025 — BASELINE (re-run for cross-check)
2026-05-27,FY2025,2025-01-01,2025-12-31,cc90728,feat/e40b-spy200-regime,local,1.048,27.244%,27244,176,43%,7.4%,177.00,E40b SPY>200MA regime gate. Delta +0.012 vs 1.036 baseline. DD cut -3.6pp (11%→7.4%). 64 blocked entries (bear periods).
2026-05-27,Q1-2025,2025-01-01,2025-03-31,cc90728,feat/e40b-spy200-regime,local,-0.816,-1.955%,-1955,63,45%,6.5%,63.00,E40b W1 Q1. Delta -2.053 vs 1.237 baseline. Gate blocked profitable Jan-Feb entries on brief early-March 200d cross.
2026-05-27,Q2-2025,2025-04-01,2025-06-30,cc90728,feat/e40b-spy200-regime,local,1.457,6.475%,6475,42,25%,3.6%,42.12,E40b W2 Q2. Delta +2.065 vs -0.608 baseline. Gate correctly blocked April tariff crash entries; let May-June recovery through.
2026-05-27,Q3-2025,2025-07-01,2025-09-30,cc90728,feat/e40b-spy200-regime,local,4.427,18.479%,18479,42,44%,3.2%,42.25,E40b W3 Q3. Delta 0.000 — gate never fired (SPY well above 200d). Identical to G3 baseline.
2026-05-27,Q4-2025,2025-10-01,2025-12-31,cc90728,feat/e40b-spy200-regime,local,-1.528,-5.015%,-5015,78,21%,7.3%,79.06,E40b W4 Q4. Delta +0.237 vs -1.765 baseline. Slight improvement. Gate fired in Oct-Nov pullback.
2026-05-27,W5,2025-02-01,2025-05-31,cc90728,feat/e40b-spy200-regime,local,-0.416,0.927%,927,42,25%,5.9%,42.00,E40b W5 Cross Feb-May. Delta +0.750 vs -1.166 baseline. Gate blocked April crash.
2026-05-27,W6,2025-01-01,2025-06-30,cc90728,feat/e40b-spy200-regime,local,0.043,3.769%,3769,106,40%,7.4%,106.09,E40b W6 H1. Delta -0.143 vs 0.186 baseline. W1 false-negative partially offset by W2 gain.
2026-05-27,FY2025,2025-01-01,2025-12-31,9dcae5f,E36-atr-stop-FY2025,local,0.947,30.082,30082,232,40,11.0,237.21,E36 ATR initial stop FY2025 — NEUTRAL (-0.132 Sharpe delta vs G3 baseline)
2026-05-27,FY2025,2025-01-01,2025-12-31,d65c4b9,E37-buy-stop-FY2025,local,0.263,12.336,12336,251,32,20.0,252.58,E37 buy stop entry FY2025 — REJECTED (-0.816 Sharpe delta vs G3 baseline)
2026-05-27,FY2025,2025-01-01,2025-12-31,c10a1a2,E38-resistance-gate-FY2025,local,0.565,19.898,19898,233,32,15.5,234.91,E38 resistance gate FY2025 — REJECTED (-0.514 Sharpe delta vs G3 baseline)
2026-05-27,FY2025,2025-01-01,2025-12-31,3140ae2,E39-ladder-exits-FY2025,local,0.470,16.125,16125,282,43,14.9,285.65,E39 ladder exits FY2025 — REJECTED (-0.566 Sharpe delta vs G3 baseline)
2026-05-27,W1-Q1,2025-01-01,2025-03-31,7cdb05b,feat/e40c-qqq-regime,local,0.580,22.0,22000,53,40,8.3,,E40c QQQ>SMA50 regime gate. G3 W1 baseline 1.237. Delta -0.657. Worse — gate blocked some Q1 entries.
2026-05-27,W2-Q2,2025-04-01,2025-06-30,7cdb05b,feat/e40c-qqq-regime,local,1.442,27.6,27600,42,40,3.1,,E40c QQQ>SMA50 regime gate. G3 W2 baseline -0.752. Delta +2.194. Gate blocked entries during April tariff crash.
2026-05-27,W3-Q3,2025-07-01,2025-09-30,7cdb05b,feat/e40c-qqq-regime,local,4.427,96.4,96400,42,40,3.2,,E40c QQQ>SMA50 regime gate. G3 W3 baseline 3.832. Delta +0.595. Bullish regime — fewer but higher-quality entries.
2026-05-27,W4-Q4,2025-10-01,2025-12-31,7cdb05b,feat/e40c-qqq-regime,local,-1.484,-18.5,-18500,72,40,7.4,,E40c QQQ>SMA50 regime gate. G3 W4 baseline -2.211. Delta +0.727. Still negative but less bad.
2026-05-27,W5-FebMay,2025-02-01,2025-05-31,7cdb05b,feat/e40c-qqq-regime,local,-0.342,3.8,3800,44,40,5.7,,E40c QQQ>SMA50 regime gate. G3 W5 baseline -1.166. Delta +0.824. Gate absorbed most of April tariff crash damage.
2026-05-27,W6-H1,2025-01-01,2025-06-30,7cdb05b,feat/e40c-qqq-regime,local,0.720,22.9,22900,96,40,9.2,,E40c QQQ>SMA50 regime gate. G3 W6 baseline 0.186. Delta +0.534. Material H1 improvement.
2026-05-27,FY2025,2025-01-01,2025-12-31,7cdb05b,feat/e40c-qqq-regime,local,1.362,37.5,37500,166,45,9.2,,E40c QQQ>SMA50 regime gate — ACCEPTED. G3 FY2025 baseline 1.036. Delta +0.326. 6/7 windows better. DD 9.2% vs 11%. Orders 166 vs 240.
2026-05-27,FY2025,2025-01-01,2025-12-31,6da9ddc,feat/e40b-v2-consecutive,local,1.463,41.465%,41465,176,45%,10.5%,176.00,E40b-v2 SPY>200MA 3-day consecutive regime gate. BREAKTHROUGH — first positive FY2025 result. Delta +0.427 vs 1.036 G3 baseline. 3-day threshold fixes W1 false-negative at cost of 2-day lag on crash entries.
2026-05-27,Q1-2025,2025-01-01,2025-03-31,6da9ddc,feat/e40b-v2-consecutive,local,0.958,6.741%,6741,78,44%,6.5%,78.00,E40b-v2 W1 Q1. Delta -0.279 vs 1.237 baseline. RECOVERED from E40b catastrophic -2.053. 3-day threshold correctly did not fire on brief Mar dip.
2026-05-27,Q2-2025,2025-04-01,2025-06-30,6da9ddc,feat/e40b-v2-consecutive,local,0.678,4.557%,4557,52,29%,6.3%,52.00,E40b-v2 W2 Q2. Delta +1.286 vs -0.608 baseline. Positive but -0.779 vs E40b (2-day lag allowed 2 crash entries before 3-consecutive triggered).
2026-05-27,Q3-2025,2025-07-01,2025-09-30,6da9ddc,feat/e40b-v2-consecutive,local,4.427,18.479%,18479,42,44%,3.2%,42.00,E40b-v2 W3 Q3. Delta 0.000 — gate never fired (SPY well above 200d all Q3). Identical to G3 baseline.
2026-05-27,Q4-2025,2025-10-01,2025-12-31,6da9ddc,feat/e40b-v2-consecutive,local,-1.824,-6.277%,-6277,80,20%,7.8%,80.00,E40b-v2 W4 Q4. Delta -0.059 vs -1.765 baseline. Slight regression — 3-day threshold missed Oct 16 + Nov 20 single-day spikes that E40b caught (+0.237). 0 regime blocks.
2026-05-27,W5,2025-02-01,2025-05-31,6da9ddc,feat/e40b-v2-consecutive,local,-0.897,-2.650%,-2650,66,21%,9.6%,66.00,E40b-v2 W5 Feb-May. Delta +0.269 vs -1.166 baseline. Positive but -0.481 vs E40b (-0.416). 53 blocks — 2-day lag allowed early April crash entries.
2026-05-27,W6,2025-01-01,2025-06-30,6da9ddc,feat/e40b-v2-consecutive,local,0.760,11.094%,11094,118,37%,10.5%,118.00,E40b-v2 W6 H1. Delta +0.574 vs 0.186 baseline. Delta +0.717 vs E40b 0.043. STRONG improvement — 3-day threshold superior to E40b in H1 context.
2026-05-27,W7-YTD-2026,2026-01-01,2026-04-30,8048c29,feat/g3-ytd-baseline,local,2.418,25.251,25251,118,30,11.8,124.28,G3 baseline YTD-2026 (Jan-Apr). Polygon fallback: uses 2025-12-31 universe for 2026 dates. STX in universe but no entry (scored <7). SMH not in polygon universe. Top winner: MU +30.8% / $3073. 10 open positions at Apr-30.
2026-05-27,FY2025,2025-01-01,2025-12-31,3975943,feat/e41-adx-plateau,local,-0.333,-2.602,-2602,260,30,26.6,,E41 ADX plateau fix — REJECTED. Sharpe -0.333 vs G3 1.036. adx>50 pass admits trend-exhaustion entries. STX entry 2025-06-10 @126.36 8/8. 260 orders vs 240.
2026-05-27,W1-Q1,2025-01-01,2025-03-31,3975943,feat/e41-adx-plateau,local,-1.353,-9.803,-9803,92,24,18.8,,E41 ADX plateau W1. G3 1.237. Delta -2.590.
2026-05-27,W2-Q2,2025-04-01,2025-06-30,3975943,feat/e41-adx-plateau,local,-1.485,-7.066,-7066,94,26,11.7,,E41 ADX plateau W2. G3 -0.752. Delta -0.733.
2026-05-27,W3-Q3,2025-07-01,2025-09-30,3975943,feat/e41-adx-plateau,local,2.655,11.590,11590,44,65,4.6,,E41 ADX plateau W3. G3 3.832. Delta -1.177.
2026-05-27,W4-Q4,2025-10-01,2025-12-31,3975943,feat/e41-adx-plateau,local,-1.777,-7.271,-7271,76,18,8.6,,E41 ADX plateau W4. G3 -2.211. Delta +0.434.
2026-05-27,W5-FebMay,2025-02-01,2025-05-31,3975943,feat/e41-adx-plateau,local,-1.404,-7.598,-7598,118,24,13.7,,E41 ADX plateau W5. G3 -1.166. Delta -0.238.
2026-05-27,W6-H1,2025-01-01,2025-06-30,3975943,feat/e41-adx-plateau,local,-1.392,-15.991,-15991,176,25,26.6,,E41 ADX plateau W6. G3 0.186. Delta -1.578.
2026-05-27,W7-YTD-2026,2026-01-01,2026-04-30,3975943,feat/e41-adx-plateau,local,0,0,0,0,0,0,,E41 W7 0 orders — polygon fallback not applied to this worktree.
2026-05-28,FY2025,2025-01-01,2025-12-31,2312698,feat/e41v3-rocket-override,local,0.273,-2.1,-2100,266,30,23.1,,E41v3 rocket ship override (ADX>55+52wh*0.97+DI>=12) — REJECTED. FY2025 0.273 vs G3 1.036. Override adds noise. STX: ROCKET_SHIP 2025-05-23 but entered 2025-06-10 via 8/8 regular path.
2026-05-28,W1-Q1,2025-01-01,2025-03-31,2312698,feat/e41v3-rocket-override,local,-0.667,-9.1,-9100,104,24,15.5,,E41v3 W1. G3 1.237. Delta -1.904.
2026-05-28,W2-Q2,2025-04-01,2025-06-30,2312698,feat/e41v3-rocket-override,local,-1.209,-6.9,-6900,96,26,11.0,,E41v3 W2. G3 -0.752. Delta -0.457.
2026-05-28,W3-Q3,2025-07-01,2025-09-30,2312698,feat/e41v3-rocket-override,local,4.543,12.1,12100,44,65,4.2,,E41v3 W3. G3 3.832. Delta +0.711.
2026-05-28,W4-Q4,2025-10-01,2025-12-31,2312698,feat/e41v3-rocket-override,local,-1.579,-7.0,-7000,72,18,6.8,,E41v3 W4. G3 -2.211. Delta +0.632.
2026-05-28,W5-FebMay,2025-02-01,2025-05-31,2312698,feat/e41v3-rocket-override,local,-0.964,-7.3,-7300,141,24,14.3,,E41v3 W5. G3 -1.166. Delta +0.202.
2026-05-28,W6-H1,2025-01-01,2025-06-30,2312698,feat/e41v3-rocket-override,local,-0.883,-14.9,-14900,192,25,23.1,,E41v3 W6. G3 0.186. Delta -1.069.
2026-05-28,W7-YTD-2026,2026-01-01,2026-04-30,2312698,feat/e41v3-rocket-override,local,1.425,24.8,24800,109,38,10.2,,E41v3 W7. G3 2.418. Delta -0.993. STX: entry 2026-01-29 @445 (8/8 regular), stopped 2026-03-02 @379 (-14.9%), re-entry 2026-04-15 @520.
2026-05-28,FY2025,2025-01-01,2025-12-31,0252721,feat/e42-heat-cap,local,0.220,11.321,11321,790,30,21.8,,E42 heat-cap fixed-sizing v1 — SUPERSEDED by risk-based revision. 790 orders vs G3 240, overtrading kills Sharpe.
2026-05-28,W1-Q1,2025-01-01,2025-03-31,0252721,feat/e42-heat-cap,local,0.089,1.564,1564,230,24,12.6,,E42 v1 W1. G3 1.237. Delta -1.148.
2026-05-28,W2-Q2,2025-04-01,2025-06-30,0252721,feat/e42-heat-cap,local,-0.758,-5.657,-5657,243,26,15.8,,E42 v1 W2. G3 -0.752. Delta -0.006.
2026-05-28,W3-Q3,2025-07-01,2025-09-30,0252721,feat/e42-heat-cap,local,2.535,16.371,16371,256,65,6.0,,E42 v1 W3. G3 3.832. Delta -1.297.
2026-05-28,W4-Q4,2025-10-01,2025-12-31,0252721,feat/e42-heat-cap,local,-0.888,-5.348,-5348,206,18,7.7,,E42 v1 W4. G3 -2.211. Delta +1.323.
2026-05-28,W5-FebMay,2025-02-01,2025-05-31,0252721,feat/e42-heat-cap,local,-0.785,-9.116,-9116,306,24,28.1,,E42 v1 W5. G3 -1.166. Delta +0.381.
2026-05-28,W6-H1,2025-01-01,2025-06-30,0252721,feat/e42-heat-cap,local,-0.168,-0.557,-557,433,25,21.8,,E42 v1 W6. G3 0.186. Delta -0.354.
2026-05-28,W7-YTD-2026,2026-01-01,2026-04-30,0252721,feat/e42-heat-cap,local,2.130,26.713,26713,266,38,11.7,,E42 v1 W7. G3 2.418. Delta -0.288. STX 5 entries in FY2025.
2026-05-28,FY2025,2025-01-01,2025-12-31,c1aee89,feat/e42-heat-cap,local,-0.375,-3.640,-3640,465,23,20.9,,E42v2 risk-based sizing — REJECTED. Sharpe -0.375 vs G3 1.036 (delta -1.411). Avg pos 11.9% NLV, avg 5.4 open, max 9 open. STX 0 entries FY2025 (blocked by 1.03x tolerance Jun-10). Low WR 23% structural flaw.
2026-05-28,W1-Q1-2025,2025-01-01,2025-03-31,c1aee89,feat/e42-heat-cap,local,0.248,2.842,2842,111,27,9.8,,E42v2 W1. G3 1.494. Delta -1.246.
2026-05-28,W2-Q2-2025,2025-04-01,2025-06-30,c1aee89,feat/e42-heat-cap,local,-1.418,-9.255,-9255,133,17,13.2,,E42v2 W2. G3 -0.608. Delta -0.810.
2026-05-28,W3-Q3-2025,2025-07-01,2025-09-30,c1aee89,feat/e42-heat-cap,local,-0.075,1.376,1376,158,27,3.5,,E42v2 W3. G3 4.427. Delta -4.502.
2026-05-28,W4-Q4-2025,2025-10-01,2025-12-31,c1aee89,feat/e42-heat-cap,local,0.575,3.971,3971,113,22,4.6,,E42v2 W4. G3 -1.765. Delta +2.340.
2026-05-28,W5-FebMay-2025,2025-02-01,2025-05-31,c1aee89,feat/e42-heat-cap,local,-0.335,-0.739,-739,137,28,10.1,,E42v2 W5. G3 -1.171. Delta +0.836.
2026-05-28,W6-H1-2025,2025-01-01,2025-06-30,c1aee89,feat/e42-heat-cap,local,-0.647,-6.347,-6347,249,24,18.9,,E42v2 W6. G3 0.186. Delta -0.833.
2026-05-28,W7-YTD-2026,2026-01-01,2026-04-30,c1aee89,feat/e42-heat-cap,local,-0.221,-0.667,-667,168,19,15.9,,E42v2 W7. G3 2.418. Delta -2.639. STX 1 entry 2026-03-18@406.06 stopped 2026-03-26@378.79.
2026-05-28,FY2025,2025-01-01,2025-12-31,cd1ad92,feat/e43-pyramid-add,local,0.493,18.618,18618,266,37,15.9,,E43 pyramid add + breakeven stop FY2025 — REJECTED. Sharpe 0.493 vs G3 1.079 (delta -0.586). 8 pyramid adds, 26 breakeven stops fired (cut winners early). STX 0 entries (not in universe FY2025 until May-16, BCT conditions not met). W1 delta -0.542 >0.2 threshold.
2026-05-28,W1-Q1-2025,2025-01-01,2025-03-31,cd1ad92,feat/e43-pyramid-add,local,0.952,8.310,8310,84,47,10.7,,E43 W1. G3 1.494. Delta -0.542. 2 pyr adds, 9 BE stops.
2026-05-28,W2-Q2-2025,2025-04-01,2025-06-30,cd1ad92,feat/e43-pyramid-add,local,-0.729,-2.546,-2546,107,23,8.9,,E43 W2. G3 -0.608. Delta -0.121. 3 pyr adds, 11 BE stops.
2026-05-28,W3-Q3-2025,2025-07-01,2025-09-30,cd1ad92,feat/e43-pyramid-add,local,4.052,17.120,17120,48,32,3.2,,E43 W3. G3 4.427. Delta -0.375. 0 pyr adds, 2 BE stops.
2026-05-28,W4-Q4-2025,2025-10-01,2025-12-31,cd1ad92,feat/e43-pyramid-add,local,-1.780,-6.568,-6568,77,24,8.1,,E43 W4. G3 -1.765. Delta -0.015. 1 pyr add, 3 BE stops.
2026-05-28,W5-FebMay-2025,2025-02-01,2025-05-31,cd1ad92,feat/e43-pyramid-add,local,-1.128,-5.648,-5648,119,25,11.2,,E43 W5. G3 -1.171. Delta +0.043. 3 pyr adds, 15 BE stops.
2026-05-28,W6-H1-2025,2025-01-01,2025-06-30,cd1ad92,feat/e43-pyramid-add,local,0.210,5.277,5277,179,34,15.9,,E43 W6. G3 0.186. Delta +0.024. 5 pyr adds, 22 BE stops.
2026-05-28,FY2025,2025-01-01,2025-12-31,cloud-e40d,E53-v2-earnings-avoidance-2d-FY2025,local,1.208,36.500,36500,196,43,9.6,196.00,E53-v2 earnings avoidance ±2d — REJECTED. 1.208 Sharpe vs E40d 1.442 (delta -0.234). 7 entries blocked in FY2025; net negative. Earnings avoidance track closed.
2026-05-28,FY2025,2025-01-01,2025-12-31,cloud-e40d,E44-v2-ADX-tiebreaker-FY2025,local,-0.140,2.000,2000,230,31,24.8,230.00,E44-v2 ADX tiebreaker (sort score desc ADX desc) — CATASTROPHIC REJECTION. -0.140 Sharpe vs E40d 1.442 (delta -1.582). STX entered 2025-06-10 @126.36 confirming slot-competition theory — but high-ADX names are parabolic/volatile = worse risk-adjusted returns. WR 31% vs E40d 44%. DD 24.8% vs 9.5%. Original undefined ordering within score tier was better. ADX tiebreaker track closed.
2026-05-28,FY2025,2025-01-01,2025-12-31,cloud-e40d,E43-v2-pyramid-adds-only-FY2025,local,1.374,53.600,53600,295,42,16.1,295.00,E43-v2 pyramid adds only (no breakeven stop) — REJECTED. 1.374 Sharpe vs E40d 1.442 (delta -0.068). 99 pyramid adds fired (vs 8 in E43 combo). Raw return +53.6% vs E40d +42.4% (+11.2pp) but DD 16.1% vs 9.5% (+6.6pp). Adds boost returns but increase volatility enough to degrade Sharpe. Pyramid add track closed.
2026-05-28,FY2025,2025-01-01,2025-12-31,cloud-e40d,E36-v2-ATR-stop-1.5x-FY2025,local,1.268,37.900,37900,196,44,10.7,196.00,E36-v2 ATR stop 1.5x multiplier — REJECTED. 1.268 Sharpe vs E40d 1.442 (delta -0.174). ATR stop underperforms Kijun stop. Confirms Kijun as optimal trailing stop mechanism. E36 track closed.
2026-05-28,FY2025,2025-01-01,2025-12-31,cloud-e40d,E85-signal-freshness-2d-FY2025,local,1.268,37.900,37900,196,44,9.5,196.00,E85 signal freshness gate >2d — REJECTED. 1.268 Sharpe vs E40d 1.442 (delta -0.174). 0 freshness skips — gate never fires. Daily rebalancing means BCT signals refresh every day a ticker qualifies. Signal never stale by definition. Concept incompatible with daily-rebalanced system. Track closed.
2026-05-28,FY2025,2025-01-01,2025-12-31,cloud-e40d,E51-parabolic-block-FY2025,local,1.254,37.500,37500,196,44,10.4,196.00,E51 parabolic block (13-day move >25%) — REJECTED. 1.254 Sharpe vs E40d 1.442 (delta -0.188). 12 parabolic skips. Net negative effect — parabolic moves are momentum confirmers, not warning signs in BCT context. Track closed.
2026-05-28,FY2025,2025-01-01,2025-12-31,cloud-e40d,E87-rotation-quality-FY2025,local,1.129,33.500,33500,194,42,12.5,194.00,E87 rotation quality gate (weekly price > weekly Tenkan) — REJECTED. 1.129 Sharpe vs E40d 1.442 (delta -0.313). Weekly price>Tenkan filter degrades performance. E87 track closed.
2026-05-28,FY2025,2025-01-01,2025-12-31,e9294bd,feat/e40-combo-regime,local,0.929,26.778,26778,170,46,9.5,,E40-combo VIX<25 AND SPY>200MA ≥3d FY2025 — REJECTED. 0.929 vs E40d 1.442 (delta -0.513). SPY MA streak gate too restrictive: blocks start-of-recovery entries that E40d VIX gate passes. 4/7 windows regress >0.5.
2026-05-28,W1-Q1-2025,2025-01-01,2025-03-31,e9294bd,feat/e40-combo-regime,local,0.388,3.671,3671,63,47,8.0,,E40-combo W1. E40d 1.509. Delta -1.121.
2026-05-28,W2-Q2-2025,2025-04-01,2025-06-30,e9294bd,feat/e40-combo-regime,local,0.630,3.793,3793,34,25,3.7,,E40-combo W2. E40d 0.329. Delta +0.301.
2026-05-28,W3-Q3-2025,2025-07-01,2025-09-30,e9294bd,feat/e40-combo-regime,local,3.121,14.045,14045,52,43,3.8,,E40-combo W3. E40d 4.427. Delta -1.306.
2026-05-28,W4-Q4-2025,2025-10-01,2025-12-31,e9294bd,feat/e40-combo-regime,local,-0.904,-1.829,-1829,62,27,4.4,,E40-combo W4. E40d -1.606. Delta +0.702.
2026-05-28,W5-FebMay-2025,2025-02-01,2025-05-31,e9294bd,feat/e40-combo-regime,local,-1.203,-2.413,-2413,48,32,6.6,,E40-combo W5. E40d -0.342. Delta -0.861.
2026-05-28,W6-H1-2025,2025-01-01,2025-06-30,e9294bd,feat/e40-combo-regime,local,0.262,5.771,5771,100,42,9.5,,E40-combo W6. E40d 0.960. Delta -0.698.
2026-05-28,FY2025,2025-01-01,2025-12-31,0db308e,feat/e88-priority-fill,local,1.268,37.867,37867,196,44,10.7,,E88 7/8 priority fill FY2025 — REJECTED. Sharpe 1.268 vs E40d 1.442 (delta -0.174). 7/8 signals add noise in bearish quarters. W2 delta -0.706 W5 delta -0.615 W6 delta -0.305 all exceed 0.2 regression threshold.
2026-05-28,W1-Q1-2025,2025-01-01,2025-03-31,0db308e,feat/e88-priority-fill,local,1.503,11.362,11362,72,52,8.5,,E88 W1. E40d 1.509. Delta -0.006.
2026-05-28,W2-Q2-2025,2025-04-01,2025-06-30,0db308e,feat/e88-priority-fill,local,-0.377,-0.240,-240,66,21,8.3,,E88 W2. E40d 0.329. Delta -0.706.
2026-05-28,W3-Q3-2025,2025-07-01,2025-09-30,0db308e,feat/e88-priority-fill,local,4.427,18.479,18479,42,44,3.2,,E88 W3. E40d 4.427. Delta 0.000.
2026-05-28,W4-Q4-2025,2025-10-01,2025-12-31,0db308e,feat/e88-priority-fill,local,-1.765,-6.242,-6242,74,22,7.8,,E88 W4. E40d -1.606. Delta -0.159.
2026-05-28,W5-FebMay-2025,2025-02-01,2025-05-31,0db308e,feat/e88-priority-fill,local,-0.957,-3.798,-3798,80,20,11.3,,E88 W5. E40d -0.342. Delta -0.615.
2026-05-28,W6-H1-2025,2025-01-01,2025-06-30,0db308e,feat/e88-priority-fill,local,0.655,10.966,10966,126,41,10.7,,E88 W6. E40d 0.960. Delta -0.305.
2026-05-28,FY2025,2025-01-01,2025-12-31,9cf6ad0,feat/e104-vix30,local,1.379,40.857,40857,210,43,9.7,,E104 VIX<30 looser gate FY2025 — REJECTED. Sharpe 1.379 vs E40d 1.442 (delta -0.063). W5 regression -0.231 exceeds 0.2 threshold. VIX 25-30 zone admits noise without return benefit.
2026-05-28,W1-Q1-2025,2025-01-01,2025-03-31,9cf6ad0,feat/e104-vix30,local,1.494,11.304,11304,74,50,8.5,,E104 W1. E40d 1.509. Delta -0.015.
2026-05-28,W2-Q2-2025,2025-04-01,2025-06-30,9cf6ad0,feat/e104-vix30,local,0.182,2.446,2446,78,26,6.8,,E104 W2. E40d 0.329. Delta -0.147.
2026-05-28,W3-Q3-2025,2025-07-01,2025-09-30,9cf6ad0,feat/e104-vix30,local,4.427,18.479,18479,42,44,3.2,,E104 W3. E40d 4.427. Delta 0.000.
2026-05-28,W4-Q4-2025,2025-10-01,2025-12-31,9cf6ad0,feat/e104-vix30,local,-1.765,-6.242,-6242,74,22,7.8,,E104 W4. E40d -1.606. Delta -0.159.
2026-05-28,W5-FebMay-2025,2025-02-01,2025-05-31,9cf6ad0,feat/e104-vix30,local,-0.573,-1.449,-1449,92,22,10.2,,E104 W5. E40d -0.342. Delta -0.231.
2026-05-28,W6-H1-2025,2025-01-01,2025-06-30,9cf6ad0,feat/e104-vix30,local,0.848,13.416,13416,140,40,9.7,,E104 W6. E40d 0.960. Delta -0.112.
2026-05-28,FY2025,2025-01-01,2025-12-31,7ac9c5f,feat/e86-breakout-carveout,local,1.135,33.641,33641,200,40,11.7,,E86 breakout proximity carve-out FY2025 — REJECTED. Sharpe 1.135 vs E40d 1.442 (delta -0.307). 61 PROX_BLOCKs. Proximity gate conflicts with trend-following — BCT entries naturally near highs. Only W4 improved.
2026-05-28,W1-Q1-2025,2025-01-01,2025-03-31,7ac9c5f,feat/e86-breakout-carveout,local,1.096,8.702,8702,74,44,8.6,,E86 W1. E40d 1.509. Delta -0.413. 14 PROX_BLOCKs.
2026-05-28,W2-Q2-2025,2025-04-01,2025-06-30,7ac9c5f,feat/e86-breakout-carveout,local,-0.642,-1.253,-1253,68,24,7.7,,E86 W2. E40d 0.329. Delta -0.971. 36 PROX_BLOCKs.
2026-05-28,W3-Q3-2025,2025-07-01,2025-09-30,7ac9c5f,feat/e86-breakout-carveout,local,4.052,16.955,16955,42,44,3.7,,E86 W3. E40d 4.427. Delta -0.375. 36 PROX_BLOCKs.
2026-05-28,W4-Q4-2025,2025-10-01,2025-12-31,7ac9c5f,feat/e86-breakout-carveout,local,-1.162,-3.320,-3320,68,28,4.9,,E86 W4. E40d -1.606. Delta +0.444. 18 PROX_BLOCKs. Only improved window.
2026-05-28,W5-FebMay-2025,2025-02-01,2025-05-31,7ac9c5f,feat/e86-breakout-carveout,local,-1.118,-5.632,-5632,85,21,12.8,,E86 W5. E40d -0.342. Delta -0.776. 49 PROX_BLOCKs.
2026-05-28,W6-H1-2025,2025-01-01,2025-06-30,7ac9c5f,feat/e86-breakout-carveout,local,0.310,6.570,6570,132,38,11.7,,E86 W6. E40d 0.960. Delta -0.650. 42 PROX_BLOCKs.
2026-05-28,FY2025,2025-01-01,2025-12-31,3ffe004,feat/e45-vix-cloud-gate,local,-0.076,5.449,5449,170,40,13.4,,E45 VIX cloud gate 3-tier FY2025 — REJECTED. Sharpe -0.076 vs E40d 1.442 (delta -1.518). Tier3 (VIX>=SMA200) fired 135 days (54% of year) — VIX SMA200~15-16 too low, blocks normal market. Tier2=32 days. W2 only window improved (+0.807).
2026-05-28,W1-Q1-2025,2025-01-01,2025-03-31,3ffe004,feat/e45-vix-cloud-gate,local,-1.580,-4.531,-4531,54,39,8.5,,E45 W1. E40d 1.509. Delta -3.089. T2=9 T3=56 (86% of days Tier3 blocked).
2026-05-28,W2-Q2-2025,2025-04-01,2025-06-30,3ffe004,feat/e45-vix-cloud-gate,local,1.136,5.216,5216,30,30,4.5,,E45 W2. E40d 0.329. Delta +0.807. T2=0 T3=59 — but Q2 late entry when VIX cleared.
2026-05-28,W3-Q3-2025,2025-07-01,2025-09-30,3ffe004,feat/e45-vix-cloud-gate,local,4.427,18.479,18479,42,44,3.2,,E45 W3. E40d 4.427. Delta 0.000. T2=0 T3=0 — VIX below cloud all Q3.
2026-05-28,W4-Q4-2025,2025-10-01,2025-12-31,3ffe004,feat/e45-vix-cloud-gate,local,-2.250,-7.792,-7792,60,20,9.0,,E45 W4. E40d -1.606. Delta -0.644. T2=23 T3=20.
2026-05-28,W5-FebMay-2025,2025-02-01,2025-05-31,3ffe004,feat/e45-vix-cloud-gate,local,-1.836,-6.090,-6090,58,21,11.0,,E45 W5. E40d -0.342. Delta -1.494. T2=0 T3=86.
2026-05-28,W6-H1-2025,2025-01-01,2025-06-30,3ffe004,feat/e45-vix-cloud-gate,local,-0.965,-4.235,-4235,92,32,13.4,,E45 W6. E40d 0.960. Delta -1.925. T2=9 T3=115.
2026-05-28,FY2025,2025-01-01,2025-12-31,7184a65,feat/e45v2-vix-cloud-2tier,local,1.000,30.418,30418,212,42,12.0,,E45v2 VIX cloud 2-tier FY2025 — REJECTED. Sharpe 1.000 vs E40d 1.442 (delta -0.442). 95 T2 events. cloud_top~16-18 triggers cap too early vs E40d VIX<25. 5-slot cap admits noisy entries E40d blocks.
2026-05-28,W1-Q1-2025,2025-01-01,2025-03-31,7184a65,feat/e45v2-vix-cloud-2tier,local,1.378,10.464,10464,68,52,8.5,,E45v2 W1. E40d 1.509. Delta -0.131. T2=24.
2026-05-28,W2-Q2-2025,2025-04-01,2025-06-30,7184a65,feat/e45v2-vix-cloud-2tier,local,-0.598,-0.513,-513,78,26,6.1,,E45v2 W2. E40d 0.329. Delta -0.927. T2=42.
2026-05-28,W3-Q3-2025,2025-07-01,2025-09-30,7184a65,feat/e45v2-vix-cloud-2tier,local,4.427,18.479,18479,42,44,3.2,,E45v2 W3. E40d 4.427. Delta 0.000. T2=0. VIX below cloud all Q3.
2026-05-28,W4-Q4-2025,2025-10-01,2025-12-31,7184a65,feat/e45v2-vix-cloud-2tier,local,-2.331,-8.779,-8779,68,21,10.0,,E45v2 W4. E40d -1.606. Delta -0.725. T2=29.
2026-05-28,W5-FebMay-2025,2025-02-01,2025-05-31,7184a65,feat/e45v2-vix-cloud-2tier,local,-1.578,-6.252,-6252,88,26,10.5,,E45v2 W5. E40d -0.342. Delta -1.236. T2=61.
2026-05-28,W6-H1-2025,2025-01-01,2025-06-30,7184a65,feat/e45v2-vix-cloud-2tier,local,0.346,6.972,6972,140,38,12.0,,E45v2 W6. E40d 0.960. Delta -0.614. T2=66.
2026-05-28,FY2025,2025-01-01,2025-12-31,cf337e1,feat/e51-parabolic-block,local,1.025,31.001,31001,212,42,6.6,216.60,E51 parabolic entry block (13d >25%) FY2025 — REJECTED. Sharpe 1.025 vs E40d 1.442 (delta -0.417). 107 PARABOLIC_BLOCKs. Blocks quality momentum entries that BCT naturally catches. Win rate drops to 42% vs 45% baseline.
2026-05-28,W1-Q1-2025,2025-01-01,2025-03-31,cf337e1,feat/e51-parabolic-block,local,1.378,10.464,10464,68,52,8.0,70.88,E51 W1. E40d 1.509. Delta -0.131. 10 PARABOLIC_BLOCKs. Slight regression, blocks early-momentum winners.
2026-05-28,W2-Q2-2025,2025-04-01,2025-06-30,cf337e1,feat/e51-parabolic-block,local,-0.483,-0.026,-26,76,27,3.7,76.06,E51 W2. E40d 0.329. Delta -0.812. 37 PARABOLIC_BLOCKs. CATASTROPHIC regression — parabolic block removes defensive entries during tariff crash, leaves only losers.
2026-05-28,W3-Q3-2025,2025-07-01,2025-09-30,cf337e1,feat/e51-parabolic-block,local,4.427,18.479,18479,42,44,3.2,42.25,E51 W3. E40d 4.427. Delta 0.000. 29 PARABOLIC_BLOCKs. No delta — strong trending Q3 produces few parabolic entries at block time.
2026-05-28,W4-Q4-2025,2025-10-01,2025-12-31,cf337e1,feat/e51-parabolic-block,local,-2.384,-9.050,-9050,70,20,4.4,70.00,E51 W4. E40d -1.606. Delta -0.778. 33 PARABOLIC_BLOCKs. Severe regression — blocks recovery entries after Oct dip, leaves only weak signals.
2026-05-28,W5-FebMay-2025,2025-02-01,2025-05-31,cf337e1,feat/e51-parabolic-block,local,-1.618,-6.445,-6445,88,26,6.6,88.00,E51 W5. E40d -0.342. Delta -1.276. 37 PARABOLIC_BLOCKs. CATASTROPHIC — parabolic block strips all winners from Feb-Mar rally, leaves Apr-May losers.
2026-05-28,W6-H1-2025,2025-01-01,2025-06-30,cf337e1,feat/e51-parabolic-block,local,0.384,7.430,7430,138,39,9.5,141.07,E51 W6. E40d 0.960. Delta -0.576. 47 PARABOLIC_BLOCKs. Moderate regression — H1 blend hurt by blocking Jan-Feb momentum entries.
2026-05-28,FY2025,2025-01-01,2025-12-31,849262d,feat/e53v3-earnings-1d,local,1.199,33.703,33703,200,41,9.9,204.14,E53-v3 FY2025. E40d 1.442. Delta -0.243. 212 blocks.
2026-05-28,W1-Q1,2025-01-01,2025-03-31,849262d,feat/e53v3-earnings-1d,local,1.178,7.894,7894,76,42,6.9,78.75,E53-v3 W1-Q1. E40d 1.509. Delta -0.331. 65 blocks.
2026-05-28,W2-Q2,2025-04-01,2025-06-30,849262d,feat/e53v3-earnings-1d,local,-0.276,0.253,253,68,24,7.2,68.06,E53-v3 W2-Q2. E40d 0.329. Delta -0.605. 32 blocks.
2026-05-28,W3-Q3,2025-07-01,2025-09-30,849262d,feat/e53v3-earnings-1d,local,4.255,17.855,17855,44,35,3.2,44.24,E53-v3 W3-Q3. E40d 4.427. Delta -0.172. 76 blocks.
2026-05-28,W4-Q4,2025-10-01,2025-12-31,849262d,feat/e53v3-earnings-1d,local,-1.641,-5.380,-5380,74,22,6.8,75.07,E53-v3 W4-Q4. E40d -1.606. Delta -0.035. 101 blocks.
2026-05-28,W5-FebMay,2025-02-01,2025-05-31,849262d,feat/e53v3-earnings-1d,local,-1.031,-4.455,-4455,84,14,12.7,85.96,E53-v3 W5-FebMay. E40d -0.342. Delta -0.689. 32 blocks.
2026-05-28,W6-H1,2025-01-01,2025-06-30,849262d,feat/e53v3-earnings-1d,local,0.467,8.072,8072,130,37,9.9,132.92,E53-v3 W6-H1. E40d 0.96. Delta -0.493. 97 blocks.
2026-05-28,FY2025,2025-01-01,2025-12-31,cf337e1,feat/e51-parabolic-block-40pct,local,1.000,30.449,30449,212,42,12.0,216.53,E51 parabolic block 40% threshold — NEUTRAL. 26 blocks, 0 performance delta vs E40d baseline 1.000. 40% threshold too high — blocked entries replaced by equivalent candidates. Track closed.
2026-05-28,W1-Q1-2025,2025-01-01,2025-03-31,cf337e1,feat/e51-parabolic-block-40pct,local,1.378,11.111,11111,70,52,8.5,70.88,E51 W1. Baseline 1.378. Delta 0.000.
2026-05-28,W2-Q2-2025,2025-04-01,2025-06-30,cf337e1,feat/e51-parabolic-block-40pct,local,-0.598,-0.513,-513,78,26,6.1,78.06,E51 W2. Baseline -0.598. Delta 0.000.
2026-05-28,W3-Q3-2025,2025-07-01,2025-09-30,cf337e1,feat/e51-parabolic-block-40pct,local,4.427,18.479,18479,42,44,3.2,42.25,E51 W3. Baseline 4.427. Delta 0.000.
2026-05-28,W4-Q4-2025,2025-10-01,2025-12-31,cf337e1,feat/e51-parabolic-block-40pct,local,-2.331,-8.779,-8779,68,21,10.0,68.00,E51 W4. Baseline -2.331. Delta 0.000.
2026-05-28,W5-FebMay-2025,2025-02-01,2025-05-31,cf337e1,feat/e51-parabolic-block-40pct,local,-1.578,-6.252,-6252,88,26,10.5,88.00,E51 W5. Baseline -1.578. Delta 0.000.
2026-05-28,W6-H1-2025,2025-01-01,2025-06-30,cf337e1,feat/e51-parabolic-block-40pct,local,0.346,6.972,6972,140,38,12.0,143.06,E51 W6. Baseline 0.346. Delta 0.000.
2026-05-28,FY2025,2025-01-01,2025-12-31,47af3cc,feat/e29-credit-risk-off,local,0.18,10.086,10086,184,32,8.2,184.56,E40d 1.442. Delta -1.262. REJECTED — 6/7 windows negative. TLT 63d lookback fires false risk-off all Q1 (Oct-Nov 2024 TLT decline bleeds into 2025).
2026-05-28,W1-Q1,2025-01-01,2025-03-31,47af3cc,feat/e29-credit-risk-off,local,-1.318,-1.154,-1154,38,14,4.9,38.0,E40d 1.509. Delta -2.827. 54/62 days blocked. TLT 63d negative all Q1 — kills the rally.
2026-05-28,W2-Q2,2025-04-01,2025-06-30,47af3cc,feat/e29-credit-risk-off,local,0.686,4.072,4072,60,40,3.4,60.11,E40d 0.329. Delta +0.357. Only positive window. Gate blocked April tariff crash.
2026-05-28,W3-Q3,2025-07-01,2025-09-30,47af3cc,feat/e29-credit-risk-off,local,3.81,16.249,16249,52,43,3.7,53.71,E40d 4.427. Delta -0.617. 2 blocks only (TLT positive Q3). Small residual regression.
2026-05-28,W4-Q4,2025-10-01,2025-12-31,47af3cc,feat/e29-credit-risk-off,local,-2.504,-8.984,-8984,76,18,9.3,76.0,E40d -1.606. Delta -0.898. 8 blocks miss Oct re-entry window.
2026-05-28,W5-FebMay,2025-02-01,2025-05-31,47af3cc,feat/e29-credit-risk-off,local,-1.21,-3.888,-3888,78,23,8.2,78.0,E40d -0.342. Delta -0.868. 46 blocks Feb-Mar = missed Feb-Mar rally.
2026-05-28,W6-H1,2025-01-01,2025-06-30,47af3cc,feat/e29-credit-risk-off,local,-0.342,1.190,1190,92,27,8.2,92.07,E40d 0.960. Delta -1.302. 99 blocks (all Q1+early Q2). H1 decimated.
2026-05-28,FY2025,2025-01-01,2025-12-31,0f3cb4a,feat/e28-vix-percentile,local,0.878,26.730,26730,178,40,6.6,183.91,E28 VIX 75th percentile gate FY2025 — REJECTED. Sharpe 0.878 vs E40d 1.442 (delta -0.564). 136 VIX_PERCENTILE blocks (54% of year). 2-year lookback captures 2023-2024 low-vol regime, making 75th pct too easy to breach. Flat VIX<25 is more robust.
2026-05-28,W1-Q1-2025,2025-01-01,2025-03-31,0f3cb4a,feat/e28-vix-percentile,local,1.494,11.304,11304,74,50,8.5,76.88,E28 W1. E40d 1.509. Delta -0.015. 0 VIX blocks in Q1 — VIX stayed below 75th pct. Near-neutral.
2026-05-28,W2-Q2-2025,2025-04-01,2025-06-30,0f3cb4a,feat/e28-vix-percentile,local,-0.837,-2.843,-2843,98,25,3.7,98.40,E28 W2. E40d 0.329. Delta -1.166. CATASTROPHIC — percentile gate admits entries during Apr tariff crash that flat VIX<25 would block.
2026-05-28,W3-Q3-2025,2025-07-01,2025-09-30,0f3cb4a,feat/e28-vix-percentile,local,4.427,18.479,18479,42,44,3.2,42.25,E28 W3. E40d 4.427. Delta 0.000. 0 VIX blocks — strong trending Q3, VIX never extreme.
2026-05-28,W4-Q4-2025,2025-10-01,2025-12-31,0f3cb4a,feat/e28-vix-percentile,local,-1.607,-5.558,-5558,74,22,4.4,75.05,E28 W4. E40d -1.606. Delta -0.001. 0 VIX blocks — flat VIX<25 also would not have blocked here.
2026-05-28,W5-FebMay-2025,2025-02-01,2025-05-31,0f3cb4a,feat/e28-vix-percentile,local,-1.212,-6.211,-6211,110,24,6.6,110.35,E28 W5. E40d -0.342. Delta -0.870. CATASTROPHIC — VIX percentile admits noisy entries in Feb-Mar that flat gate blocks.
2026-05-28,W6-H1-2025,2025-01-01,2025-06-30,0f3cb4a,feat/e28-vix-percentile,local,0.383,7.562,7562,160,37,9.5,163.70,E28 W6. E40d 0.960. Delta -0.577. SEVERE regression — percentile gate less effective than flat threshold in mixed H1 regime.
2026-05-29,FY2025,2025-01-01,2025-12-31,713bfa7,feat/e116-objectstore-universe,cloud,1.315,39.396,39396,274,44,11.8,296.21,E116 cloud validation PASS — polygon-326 ObjectStore universe. Delta -0.127 vs E40d local 1.442. Within ±0.3 tolerance. BT 7b669725. Cloud/local divergence structural (QC data vendor vs local LEAN data).
2026-05-29,FY2025,2025-01-01,2025-12-31,a9a4e8d,main,local,1.442,42.400,42400,196,44,9.5,196.00,E40d VIX<25 regime gate — DEPRECATED. Was champion but 1.442 Sharpe inflated by hardcoded 10-slot allocation tiebreak artifact. Superseded by B0d-honest. Commit a03e7a9 code, 10-slot config.
2026-05-29,FY2025,2025-01-01,2025-12-31,a9a4e8d,main,local,0.831,25.000,25000,185,39,9.8,185.00,B0d-honest: principled baseline — max_positions=9999 + committed_cash heat cap. No slot tiebreak artifact. New experiment baseline. Commit a9a4e8d. All prior experiments vs E40d 1.442 need re-evaluation.
2026-05-30,FY2025,2025-01-01,2025-12-31,3b1c244,feat/e40c-rerun,local,0.778,23.609,23609,143,46,9.1,,CHAMPION e40c flat-10% MS7 raw+tiebreak — beats all ~25 configs
2026-05-30,FY2025,2025-01-01,2025-12-31,e225154054,cloud-e40c,cloud,1.346,41.364,41364,187,,,,e40c Track A cloud validation [DD: cloud artifact, not backfilled locally]
2026-05-30,FY2025,2025-01-01,2025-12-31,3b1c244,e40c-1M,local,0.897,25.904,259041,141,42,9.2,,e40c Track C $1M capital scaling
2026-05-30,FY2025,2025-01-01,2025-12-31,2312698,e41v3-reval,local,-0.021,5.17,5170,282,30,23.9,,e41v3 rocket re-val COLLAPSED (orig 0.273)
2026-05-30,FY2025,2025-01-01,2025-12-31,cc90728,e40b-reval,local,-0.19,2.771,2771,209,35,13.3,,e40b SPY200 re-val COLLAPSED (orig 1.048)
2026-05-30,FY2025,2025-01-01,2025-12-31,9cf6ad0,e104-reval,local,-0.409,-2.489,-2489,251,,19.5,,e104 vix30 re-val COLLAPSED (orig 1.379)
2026-05-30,FY2025,2025-01-01,2025-12-31,18a0b20,e28-reval,local,0.515,17.525,17525,155,40,12.0,,e28 vix-pct re-val borderline (orig 0.878)
2026-05-30,FY2025,2025-01-01,2025-12-31,692d49a,risk-200,local,0.155,9.478,9478,449,,8.3,,risk-sweep $200 churn
2026-05-30,FY2025,2025-01-01,2025-12-31,692d49a,risk-300,local,0.252,11.051,,319,,8.7,,risk-sweep $300
2026-05-30,FY2025,2025-01-01,2025-12-31,692d49a,risk-500,local,0.546,16.113,,199,,7.6,,risk-sweep $500 (sweet spot, still<0.778)
2026-05-30,FY2025,2025-01-01,2025-12-31,692d49a,risk-1000,local,0.484,15.85,,119,,11.2,,risk-sweep $1000
2026-05-30,FY2025,2025-01-01,2025-12-31,692d49a,risk-2000,local,0.087,8.48,,114,,8.5,,risk-sweep $2000 collapse
2026-05-30,FY2025,2025-01-01,2025-12-31,ms8,min-score-8,local,0.667,20.534,,145,,7.9,,MIN_SCORE=8 strict — loses (7s additive)
2026-05-30,FY2025,2025-01-01,2025-12-31,797d3e2,v3-spy50,local,0.638,19.949,19949,149,46,8.7,,V3 SPY50 regime REJECTED
2026-05-30,FY2025,2025-01-01,2025-12-31,v9,v9-sector-rot,local,0.573,18.174,18174,149,,9.6,,V9 sector-rotation MARGINAL (closest)
2026-05-30,FY2025,2025-01-01,2025-12-31,6f856cf,v11-vol-scaled,local,0.531,16.26,16260,240,44,7.9,,V11 vol-scaled REJECTED
2026-05-30,FY2025,2025-01-01,2025-12-31,v12,v12-no-stop-5d,local,0.001,6.92,6920,163,,9.6,,V12 no-stop-first5d COLLAPSE (stops protective)
2026-05-30,FY2025,2025-01-01,2025-12-31,v7,v7-wider-stop,local,0.073,8.111,,104,,9.7,,V7 wider-stop COLLAPSE (anti-whipsaw refuted)
2026-05-30,FY2025,2025-01-01,2025-12-31,187df5a,pyramid-A-flat,local,0.09,8.392,,186,,10.9,,Pyramid A flat-base REJECTED
2026-05-30,FY2025,2025-01-01,2025-12-31,pyramid,pyramid-B-200,local,0.376,,,367,,,,Pyramid B $200-base REJECTED [artifact unavailable on disk — trio not backfilled (no fabrication)]
2026-05-30,FY2025,2025-01-01,2025-12-31,pyramid,pyramid-B-500,local,-0.12,5.24,,227,,10.7,,Pyramid B $500-base REJECTED
2026-05-30,FY2025,2025-01-01,2025-12-31,v13,v13-tight-trail,local,0.667,19.872,,159,,8.8,,V13 tighter-trail-after-10pct REJECTED
2026-05-30,FY2025,2025-01-01,2025-12-31,v1b,v1-e40c-e28-stack,local,0.393,14.824,,151,,11.9,,V1 e40c+e28 stack clean REJECTED
2026-05-30,FY2025,2025-01-01,2025-12-31,v5,v5-etf-only,local,0.121,9.048,,206,,12.3,,V5 ETF-only universe REJECTED
2026-05-30,FY2025,2025-01-01,2025-12-31,maxent,p1-r200-me1,local,-0.516,2.486,,423,,6.4,,P1 $200 maxent1 [CORRECTED from contaminated 0.044 (compile-cache)]
2026-05-30,FY2025,2025-01-01,2025-12-31,maxent,p1-r200-me2,local,0.042,7.994,,440,,7.6,,P1 $200 maxent2 [CORRECTED from contaminated -0.105]
2026-05-30,FY2025,2025-01-01,2025-12-31,maxent,p1-r200-me5,local,0.252,10.747,,433,,7.8,,P1 $200 maxent5 [CORRECTED from contaminated 0.236]
2026-05-30,FY2025,2025-01-01,2025-12-31,maxent,p1-r200-me10,local,0.249,10.702,,449,,7.3,,P1 $200 maxent10 [CORRECTED from contaminated 0.131]
2026-05-30,FY2025,2025-01-01,2025-12-31,maxent,p1-r500-me1,local,0.295,11.694,,251,,8.6,,P1 $500 maxent1 [CORRECTED from contaminated 0.143]
2026-05-30,FY2025,2025-01-01,2025-12-31,maxent,p1-r500-me2,local,0.188,10.139,,264,,8.1,,P1 $500 maxent2 [CORRECTED from contaminated 0.286]
2026-05-30,FY2025,2025-01-01,2025-12-31,maxent,p1-r500-me5,local,0.371,13.152,,251,,9.0,,P1 $500 maxent5 WINNER (best deployable) [CORRECTED from phantom 0.392 WINNER — real artifact]
2026-05-30,FY2025,2025-01-01,2025-12-31,maxent,p1-r500-me10,local,0.536,15.993,,251,,8.0,,P1 $500 maxent10 [CORRECTED from contaminated 0.385 — real winner me10]
2026-05-30,FY2025,2025-01-01,2025-12-31,b98f1ab,feat/rs147,local,0.131,9.208,,393,,7.2,,R/S #147 struct stop max(kijun,supp+0.5ATR) — REJECT vs champ 0.778, 2.7x churn confirms V7/V12 stop-tightening lesson
2026-05-30,FY2025,2025-01-01,2025-12-31,5968572,feat/rs148,local,0.574,18.211,,168,,11.1,,R/S #148 pre-breakout 2-10% below resistance — REJECT vs 0.778, Phase-3 candidate (risk-sizing)
2026-05-30,FY2025,2025-01-01,2025-12-31,52c6079,feat/rs149,local,0.48,15.944,,176,,9.5,,R/S #149 buy-stop above resistance +5% conf — REJECT vs 0.778
2026-05-30,FY2025,2025-01-01,2025-12-31,6ddbc7c,feat/rs150,local,0.409,14.14,,200,,8.2,,R/S #150 R/R 2:1 filter — REJECT vs 0.778
2026-05-30,FY2025,2025-01-01,2025-12-31,a1d7e3a,feat/rs151,local,0.446,14.41,,266,,6.4,,R/S #151 polarity-flip trail — REJECT vs 0.778 BUT lowest DD 6.4% (DD-reducer, Phase-3 candidate)
2026-05-30,FY2025,2025-01-01,2025-12-31,bb3c450,feat/me153,local,0.682,20.834,,147,,8.7,,multiETF #153 V14 QQQ>50 AND SPY>50 — REJECT vs 0.778
2026-05-30,FY2025,2025-01-01,2025-12-31,24e8758,feat/me154,local,0.752,23.121,,145,,9.1,,multiETF #154 V15 QQQ>50 OR IWM>50 — REJECT vs 0.778 (near-miss, Phase-3 HIGH candidate)
2026-05-30,FY2025,2025-01-01,2025-12-31,836c104,feat/me157,local,0.039,7.462,,169,,10.2,,multiETF #157 V18 breadth>50% — REJECT vs 0.778, breadth gate blocks too many entries
2026-05-30,FY2025,2025-01-01,2025-12-31,86f5694,feat/me155,local,-0.031,6.478,,167,,8.9,,sector #155 V16 per-stock sector ETF>50MA gate — REJECT vs 0.778, sector gating turns Sharpe negative (gate fired 5490x). NOTE 80/326 unmapped bypassed gate
2026-05-30,FY2025,2025-01-01,2025-12-31,bea6d7a,feat/me156,local,-0.186,4.145,,165,,7.8,,sector #156 V17 sector RS (ETF>50MA AND sector20d>SPY20d) — REJECT vs 0.778, worst of batch (gate 5612x). NOTE 80/326 unmapped bypassed
2026-05-30,FY2025,2025-01-01,2025-12-31,ca2f7fa,feat/f1-risk-trail-pyramid,local,-0.149,5.148,,335,,7.0,,F1 risk+trail+pyramid (Phase-3a) — REJECT. Pyramid breaks base (Exp$/t -1.88). PYRAMID_ADD 63x POLARITY_TRAIL 78x verified
2026-05-30,FY2025,2025-01-01,2025-12-31,ca2f7fa,f1-trail-only,local,-0.043,6.779,,337,,6.7,,F1 isolation TRAIL-ONLY — REJECT but best DD 6.7% (DD tool). Exp$/t +11.06. trail 102x
2026-05-30,FY2025,2025-01-01,2025-12-31,ca2f7fa,f1-pyramid-only,local,-0.193,4.115,,220,,9.8,,F1 isolation PYRAMID-ONLY — REJECT, pyramid is the killer (Exp$/t -10.38, avgW$ 637->356). adds 51x. $200 BE-add refuted for this structure
2026-05-30,FY2025,2025-01-01,2025-12-31,485a925,feat/p3b-Pe,local,0.961,23.537,,196,,7.1,,Phase3b Pe SIGNAL-RENEWED (add $200 on fresh Tenkan>Kijun cross) — BEATS champion 0.778 + lower DD. WR45% avgW491 avgL-233 pyrF1.51 Exp$/t91.64. WINDOWS PENDING
2026-05-30,FY2025,2025-01-01,2025-12-31,485a925,feat/p3b-Pc,local,0.736,20.295,,224,,6.5,,Phase3b Pc ATR-SPACED (+1/+2 ATR) — beats risk base, best-DD 6.5%. WR43% avgW373 avgL-209 pyrF1.98 Exp$/t43.17. WINDOWS PENDING
2026-05-30,FY2025,2025-01-01,2025-12-31,485a925,feat/p3b-Pb,local,0.389,13.869,,205,,6.8,,Phase3b Pb wide-spaced +10/+20% — below base. WR39% pyrF1.39 Exp$/t34.24
2026-05-30,FY2025,2025-01-01,2025-12-31,485a925,feat/p3b-Pa,local,0.368,13.298,,218,,6.4,,Phase3b Pa de-pyramid +5/+10% $250/$125 — below base. WR38% pyrF1.74 Exp$/t20.32
2026-05-30,FY2025,2025-01-01,2025-12-31,485a925,feat/p3b-Pd,local,-0.372,1.492,,227,,8.1,,Phase3b Pd vol-confirmed — REJECT, adds on noise not signal. WR43% pyrF1.49 Exp$/t5.42
2026-05-30,FY2025,2025-01-01,2025-12-31,dbe86c2,feat/p3b-Pe-uncapped,local,1.0,24.486,,191,,7.1,,Phase3b Pe UNCAPPED (no max_lots, signal self-limits pyrF1.54) — VALIDATED, NOT slot artifact. Beats champ 0.778. WR45% avgW500 avgL-223 Exp$/t103.73. =capped 0.961 → cap irrelevant
2026-05-30,FY2025,2025-01-01,2025-12-31,dbe86c2,feat/p3b-Pc-uncapped,local,-0.449,-1.982,,257,,12.9,,Phase3b Pc UNCAPPED — SLOT ARTIFACT confirmed. capped 0.736→uncapped -0.449, pyrF1.98→2.63, DD 6.5→12.9%. REJECTED. WR33% Exp$/t-23.44
2026-05-30,W1,2025-01-01,2025-03-31,dbe86c2,feat/p3b-Pe-uncapped,local,0.419,3.274,,32,,7.0,,Pe uncapped window — POS; W4 outlier carries FY (+15.2% of +24.5%)
2026-05-30,W2,2025-03-01,2025-05-31,dbe86c2,feat/p3b-Pe-uncapped,local,0.55,2.797,,27,,1.8,,Pe uncapped window — POS; W4 outlier carries FY (+15.2% of +24.5%)
2026-05-30,W3,2025-05-01,2025-07-31,dbe86c2,feat/p3b-Pe-uncapped,local,0.814,4.515,,84,,3.4,,Pe uncapped window — POS; W4 outlier carries FY (+15.2% of +24.5%)
2026-05-30,W4,2025-07-01,2025-09-30,dbe86c2,feat/p3b-Pe-uncapped,local,3.333,15.18,,71,,5.9,,Pe uncapped window — POS; W4 outlier carries FY (+15.2% of +24.5%)
2026-05-30,W5,2025-09-01,2025-11-30,dbe86c2,feat/p3b-Pe-uncapped,local,0.392,2.978,,69,,4.5,,Pe uncapped window — POS; W4 outlier carries FY (+15.2% of +24.5%)
2026-05-30,W6,2025-10-01,2025-12-31,dbe86c2,feat/p3b-Pe-uncapped,local,-2.677,-6.939,,89,,8.2,,Pe uncapped window — NEG; W4 outlier carries FY (+15.2% of +24.5%)
2026-05-30,FY2025,2025-01-01,2025-12-31,5313b80,feat/ftrack-F2,local,-0.092,6.087,,340,,6.7,,F-track F2 risk+trail+me154 regime (QQQ|IWM) — REJECT vs base 0.536. gate REGIME_OR 83x
2026-05-30,FY2025,2025-01-01,2025-12-31,5313b80,feat/ftrack-F3,local,-1.04,1.215,,52,,5.3,,F-track F3 risk+trail+4% portfolio circuit breaker — REJECT, halts too aggressively (52 ord). gate CIRCUIT_BREAKER 304x
2026-05-30,FY2025,2025-01-01,2025-12-31,5313b80,feat/ftrack-F5,local,-0.721,-2.178,,341,,5.9,,F-track F5 risk+trail+ADX>=30 gate — REJECT vs base 0.536. gate ADX_GATE 3756x
2026-05-30,FY2025,2025-01-01,2025-12-31,fcbb3f2,feat/x7a,local,0.637,18.847,,236,,7.9,,X7a composite ranking score×ADX×log(dvol) — BEATS risk base 0.536. Worker o5v0qcb1 code (reviewed+approved), I ran+verified (marker OK, RANK_COMPOSITE 185x). Windows pending
2026-05-30,FY2025,2025-01-01,2025-12-31,31cc8a8,feat/x3a,local,0.677,18.198,,190,,8.0,,X3a weekly-cloud-GREEN required filter — BEATS base 0.536 + X7a 0.637. Best X-variant. Worker o5v0qcb1 code (I reviewed+approved+ran+verified), WEEKLY_CLOUD_BLOCK 1347x marker OK. Windows pending
2026-05-30,FY2025,2025-01-01,2025-12-31,dbe86c2,feat/p3b-pyramid-search,local,0.546,16.113,,199,39,7.6,,Pe-repro anchor: RISK BASE no-pyramid exits OFF — reproduces doc base 0.536. marker risk_amount_sizing_v1 OK
2026-05-30,FY2025,2025-01-01,2025-12-31,dbe86c2,feat/p3b-pyramid-search,local,0.55,16.012,,206,40,7.0,,Pe-repro anchor: RISK BASE no-pyramid exits ON (cloud+kijun) — base is exit-insensitive (0.546 vs 0.55). marker OK
2026-05-30,FY2025,2025-01-01,2025-12-31,dbe86c2,feat/p3b-pyramid-search,local,0.88,22.248,,203,48,7.1,,Pe capped exits OFF — reproduces 0.88 NOT doc 0.961. PYRAMID_ADD 38. marker pyramid_engine_v1 OK
2026-05-30,FY2025,2025-01-01,2025-12-31,dbe86c2,feat/p3b-pyramid-search,local,1.141,28.928,,206,45,7.3,,Pe UNCAPPED exits ON — REAL Pe under locked exit-config = 1.141 (doc claimed 1.00; config-fragile). PYRAMID_ADD 41 WR45 matches doc. exit×pyramid interaction is the lever. marker OK
2026-05-30,FY2025,2025-01-01,2025-12-31,31cc8a8,feat/x3a-weekly-cloud,local,0.828,20.876,,201,43,7.0,,X3a weekly-cloud re-baseline under CANONICAL exits-ON — IMPROVED 0.677→0.828 beats base 0.55. Genuine keeper. WCB 1097 marker OK
2026-05-30,FY2025,2025-01-01,2025-12-31,fcbb3f2,feat/x7a-composite-rank,local,0.49,15.145,,245,39,6.4,,X7a composite re-baseline under CANONICAL exits-ON — REJECTS 0.637→0.49 BELOW base 0.55. The 0.637 was an exits-OFF artifact. RANK 176 marker OK. DROP from synthesis
2026-05-30,FY2025,2025-01-01,2025-12-31,e12ec42,feat/p3b-pyramid-search,local,1.486,36.772,,201,,7.1,,Pe-rampup staged-risk pyramid $200/400/600 anti-Kelly canonical exits-ON uncapped — NEW BEST beats Pe 1.141 by +0.35 same DD. 40 adds marker OK. Needs G1-G5+windows. #178
2026-05-30,FY2025,2025-01-01,2025-12-31,e12ec42,feat/p3b-pyramid-search,local,1.13,29.038,,196,,7.0,,Pe-conviction $300/200/100 canonical exits-ON — neutral vs Pe 1.141. 31 adds marker OK. #178
2026-05-30,FY2025,2025-01-01,2025-12-31,e12ec42,feat/p3b-pyramid-search,local,0.444,14.363,,215,45,6.9,,Pe-winscale gain-conditional adds canonical exits-ON — REJECT below base 0.55. adds late after move (Pa/Pb extension weakness). 33 adds marker OK. #178
2026-05-30,FY2025,2025-01-01,2025-12-31,ce6eca1,deploy-32033824,cloud,-0.055,5.778,4482.31,264,42,13.1,273.19,Pe cloud FY2025 (QC 32033824 bt d99d0d0c) — HARD FAIL vs local 1.141. Params VERIFIED correct (risk500/Pe/uncapped/exits-ON). Root cause: Holdings 152pct equity = 1.44x LEVERAGED. Cloud full-326 universe removes local per-day filter that implicitly capped exposure. Pe over-adds on more concurrent names. Needs explicit gross-exposure cap. Pe-rampup would be worse.
2026-05-30,FY2025,2025-01-01,2025-12-31,4adc00b,deploy-32033824,cloud,-0.055,5.778,4482.31,264,42,13.1,273.19,Pe cloud cap=100 (bt 003e9003) — IDENTICAL to no-cap -0.055/264ord. Cap code VERIFIED deployed (marker+def+default100) but 0 GROSS_CAP_BLOCK = never binds at order time. Order-time gross cap does NOT fix cloud divergence. Real cause = SELECTION DIVERGENCE.
2026-05-31,FY2025,2025-01-01,2025-12-31,6e0a054,feat/score-tier-sizer,local,-1.321,-2.196,,93,21,4.9,,champion_entry_sized score-aware sizer (X/4 binds on SIZE: 4/4 full/3/4 75%/2/4 50% tiers + heat-cap, hash 90c8fc6103ca) — NEGATIVE own-merits result vs -0.616 baseline (Δ-0.705) AND vs -1.016 un-sized entry (Δ-0.305). Downsizing low-conviction names frees cash → MORE marginal losers fill (70→93 ord, 21% win). champion_asis stays champion. #253-P2
